Time,Satellite,City,Latitude,Longitude,Azimuth,Elevation
2024-05-01 04:00:00,01001U,Lagos,6.455,3.3841,138.54517141968648,12.917661426628273
2024-05-01 04:00:00,01001U,Abidjan,5.3167,-4.0333,111.88646343667867,19.734968947664367
2024-05-01 04:00:00,01001U,Ouagadougou,12.3686,-1.5275,146.7368047680082,31.691944965903005
2024-05-01 04:00:00,01001U,Accra,5.55,-0.2,126.44305872979265,16.15282342787085
2024-05-01 04:00:00,01001U,Bamako,12.6458,-7.9922,98.27886395341254,52.1710050296497
2024-05-01 04:00:00,01001U,Conakry,9.5092,-13.7122,56.237442247798604,29.781487175052646
2024-05-01 04:00:00,01001U,Dakar,14.6928,-17.4467,14.805124769288284,29.331735711552152
2024-05-01 04:00:00,01001U,Monrovia,6.3133,-10.8014,79.25232478852436,24.07879126589758
2024-05-01 04:00:00,01001U,Cotonou,6.3667,2.4333,136.01165221055226,14.037038467198554
2024-05-01 04:00:00,01001U,Serekunda,13.4333,-16.6667,24.06672568597356,30.49822967684788
2024-05-01 11:00:00,01001U,Kinshasa,-4.325,15.3222,27.41756627371039,11.249881582196709
2024-05-01 11:00:00,01001U,Dar es Salaam,-6.8161,39.2803,133.62667072831,16.708995865687886
2024-05-01 11:00:00,01001U,Khartoum,15.5006,32.56,255.98159516973848,24.29782663598665
2024-05-01 11:00:00,01001U,Nairobi,-1.2864,36.8172,146.17268605787623,29.57490102532145
2024-05-01 11:00:00,01001U,Mogadishu,2.0392,45.3419,173.21047876262097,11.893359676867492
2024-05-01 11:00:00,01001U,Brazzaville,-4.2694,15.2714,27.18852629914436,11.216788915075146
2024-05-01 11:00:00,01001U,Lubumbashi,-11.6647,27.4794,77.72224027141371,15.064787373421034
2024-05-01 11:00:00,01001U,Kampala,0.3136,32.5811,131.23862354015617,49.92424373535488
2024-05-01 11:00:00,01001U,Mombasa,-4.05,39.6667,143.66290141427402,19.1951209322574
2024-05-01 11:00:00,01001U,Kigali,-1.9536,30.0606,93.6742164616132,44.40913215857463
2024-05-01 11:00:00,01001U,Bujumbura,-3.3833,29.3667,86.33133243942439,37.77782566950526
2024-05-01 11:00:00,01001U,Djibouti,11.5883,43.145,206.17149154722293,13.693125415692474
2024-05-01 11:00:00,01001U,Mwanza,-2.5167,32.9,118.33681498633997,37.64263242122751
2024-05-01 11:00:00,01001U,Arusha,-3.3667,36.6833,136.18862687354996,26.36889784042584
2024-05-01 11:00:00,01001U,Goma,-1.6794,29.2336,84.74038741898798,45.77028375082156
2024-05-01 11:00:00,01001U,Zanzibar,-6.165,39.199,135.31735174870926,17.59770174465529
2024-05-01 18:00:00,01001U,Lagos,6.455,3.3841,251.0828244690065,26.03366648230342
2024-05-01 18:00:00,01001U,Kinshasa,-4.325,15.3222,172.62910908084217,12.687208323623306
2024-05-01 18:00:00,01001U,Luanda,-8.8383,13.2344,153.1679224884647,13.970024161845576
2024-05-01 18:00:00,01001U,Douala,4.05,9.7,214.90951720452566,20.451355201529665
2024-05-01 18:00:00,01001U,Abidjan,5.3167,-4.0333,298.93813062315763,27.81255871299251
2024-05-01 18:00:00,01001U,Abuja,9.0667,7.4833,238.5466562170424,15.645155022759672
2024-05-01 18:00:00,01001U,Ouagadougou,12.3686,-1.5275,276.86902594091794,13.014667193390398
2024-05-01 18:00:00,01001U,Yaoundé,3.8667,11.5167,209.64825364276945,17.115967364020893
2024-05-01 18:00:00,01001U,Accra,5.55,-0.2,273.5367018990094,30.968416057311277
2024-05-01 18:00:00,01001U,Port Harcourt,4.8242,7.0336,227.45722264256813,24.577261228712086
2024-05-01 18:00:00,01001U,Brazzaville,-4.2694,15.2714,172.81812114567256,12.787185917042015
2024-05-01 18:00:00,01001U,Monrovia,6.3133,-10.8014,321.26075421893404,14.572005530198611
2024-05-01 18:00:00,01001U,Libreville,0.3903,9.4542,197.21079382364252,25.56903441584231
2024-05-01 18:00:00,01001U,Cotonou,6.3667,2.4333,256.52747327793696,27.17501781970971
2024-05-01 05:00:00,01002U,Conakry,9.5092,-13.7122,248.01010446385098,10.662710123924297
2024-05-01 05:00:00,01002U,Monrovia,6.3133,-10.8014,236.1897765419973,12.889706301924214
2024-05-01 07:00:00,01002U,Cairo,30.0444,31.2358,195.63528140115858,11.466276505865304
2024-05-01 07:00:00,01002U,Abuja,9.0667,7.4833,65.37087964106432,11.548010262441124
2024-05-01 07:00:00,01002U,Tunis,36.8064,10.1817,291.41383762286756,22.087401992779387
2024-05-01 12:00:00,01002U,Cape Town,-33.9253,18.4239,259.78151910933093,14.59512669756407
2024-05-01 14:00:00,01002U,Kinshasa,-4.325,15.3222,9.905319859928285,16.362244418130725
2024-05-01 14:00:00,01002U,Luanda,-8.8383,13.2344,21.813804006442897,10.704459519298595
2024-05-01 14:00:00,01002U,Dar es Salaam,-6.8161,39.2803,155.1433743138067,23.70932857700251
2024-05-01 14:00:00,01002U,Khartoum,15.5006,32.56,261.70335628753725,14.5276706880041
2024-05-01 14:00:00,01002U,Nairobi,-1.2864,36.8172,181.96843554330658,35.06292119415264
2024-05-01 14:00:00,01002U,Mogadishu,2.0392,45.3419,191.31629266283744,12.220077632806415
2024-05-01 14:00:00,01002U,Lusaka,-15.4167,28.2833,82.3162724717019,20.536446663345995
2024-05-01 14:00:00,01002U,Harare,-17.8292,31.0522,93.27350466397228,16.174853620858798
2024-05-01 14:00:00,01002U,Blantyre,-15.7861,35.0058,111.69495297479193,17.88479436444931
2024-05-01 14:00:00,01002U,Brazzaville,-4.2694,15.2714,9.67491691701394,16.280802108450423
2024-05-01 14:00:00,01002U,Lubumbashi,-11.6647,27.4794,76.62089124091419,29.513067325150406
2024-05-01 14:00:00,01002U,Kampala,0.3136,32.5811,206.39443504109218,56.75976694247454
2024-05-01 14:00:00,01002U,Mombasa,-4.05,39.6667,168.22778716194813,24.567099953605755
2024-05-01 14:00:00,01002U,Kigali,-1.9536,30.0606,159.03693647786346,81.15258786961891
2024-05-01 14:00:00,01002U,Bujumbura,-3.3833,29.3667,95.10674467521874,74.74860867876093
2024-05-01 14:00:00,01002U,Djibouti,11.5883,43.145,221.57724449305965,10.445417191926825
2024-05-01 14:00:00,01002U,Mwanza,-2.5167,32.9,167.47133932464425,56.54444564929935
2024-05-01 14:00:00,01002U,Arusha,-3.3667,36.6833,168.13173236010385,35.01692767416282
2024-05-01 14:00:00,01002U,Goma,-1.6794,29.2336,103.41183263624289,89.15252417299574
2024-05-01 14:00:00,01002U,Zanzibar,-6.165,39.199,157.81568135920133,24.478964966435704
2024-05-01 16:00:00,01002U,Tunis,36.8064,10.1817,162.99273744969025,29.30247982658967
2024-05-01 21:00:00,01002U,Cape Town,-33.9253,18.4239,185.6906534373647,10.166132178607171
2024-05-01 23:00:00,01002U,Conakry,9.5092,-13.7122,199.87804905985823,15.075488172763487
2024-05-01 23:00:00,01002U,Dakar,14.6928,-17.4467,221.1250087224107,16.35928744075928
2024-05-01 23:00:00,01002U,Monrovia,6.3133,-10.8014,188.14175486138558,11.569263609546633
2024-05-01 23:00:00,01002U,Serekunda,13.4333,-16.6667,216.16715145127955,16.639737517637965
2024-05-01 07:00:00,01003U,Lagos,6.455,3.3841,64.54461461764362,27.11704400640437
2024-05-01 07:00:00,01003U,Douala,4.05,9.7,98.96961578611042,22.792449844963578
2024-05-01 07:00:00,01003U,Abidjan,5.3167,-4.0333,41.514402432155464,14.341029511114373
2024-05-01 07:00:00,01003U,Abuja,9.0667,7.4833,87.76213524123253,41.000689245044626
2024-05-01 07:00:00,01003U,Ouagadougou,12.3686,-1.5275,19.618866616643366,28.27109805859762
2024-05-01 07:00:00,01003U,Yaoundé,3.8667,11.5167,107.07831918708565,21.326513428987177
2024-05-01 07:00:00,01003U,Accra,5.55,-0.2,51.875938465488936,20.03642689024534
2024-05-01 07:00:00,01003U,Bamako,12.6458,-7.9922,10.951323319568088,13.764437328372377
2024-05-01 07:00:00,01003U,Port Harcourt,4.8242,7.0336,85.83627722647316,25.185910370846198
2024-05-01 07:00:00,01003U,Libreville,0.3903,9.4542,95.44497682767104,15.039518922349536
2024-05-01 07:00:00,01003U,Cotonou,6.3667,2.4333,60.18362196004053,25.57545961065362
2024-05-01 14:00:00,01003U,Kinshasa,-4.325,15.3222,333.323825975667,11.212241792620722
2024-05-01 14:00:00,01003U,Luanda,-8.8383,13.2344,347.833219431779,10.410134570462938
2024-05-01 14:00:00,01003U,Johannesburg,-26.2044,28.0456,75.67122657338157,21.595906844832804
2024-05-01 14:00:00,01003U,Dar es Salaam,-6.8161,39.2803,211.60747272212143,25.51757817037476
2024-05-01 14:00:00,01003U,Nairobi,-1.2864,36.8172,239.91357214691186,21.584373672329626
2024-05-01 14:00:00,01003U,Lusaka,-15.4167,28.2833,45.097904900830954,63.08980257449785
2024-05-01 14:00:00,01003U,Harare,-17.8292,31.0522,98.7392701971988,53.450617871752925
2024-05-01 14:00:00,01003U,Blantyre,-15.7861,35.0058,152.8026712084236,46.92416299797195
2024-05-01 14:00:00,01003U,Brazzaville,-4.2694,15.2714,333.25588194235223,11.102292439850713
2024-05-01 14:00:00,01003U,Lubumbashi,-11.6647,27.4794,337.41049974973333,61.74156530376775
2024-05-01 14:00:00,01003U,Kampala,0.3136,32.5811,262.3773333481824,21.893400385956383
2024-05-01 14:00:00,01003U,Mombasa,-4.05,39.6667,221.01097716508446,21.24357920153396
2024-05-01 14:00:00,01003U,Maputo,-25.9667,32.5833,98.08870848916672,22.782464977320185
2024-05-01 14:00:00,01003U,Kigali,-1.9536,30.0606,274.3544103522236,27.681866526344344
2024-05-01 14:00:00,01003U,Bujumbura,-3.3833,29.3667,278.8843698272695,31.693806616680686
2024-05-01 14:00:00,01003U,Maseru,-29.31,27.48,74.88582181581098,15.450948528064712
2024-05-01 14:00:00,01003U,Windhoek,-22.57,17.0836,31.729415367687935,13.110592692428591
2024-05-01 14:00:00,01003U,Gaborone,-24.6581,25.9122,64.14696172302463,23.067096095370065
2024-05-01 14:00:00,01003U,Mwanza,-2.5167,32.9,256.82310994063494,28.547873340188424
2024-05-01 14:00:00,01003U,Durban,-29.8833,31.05,88.51220581460007,15.488104921678367
2024-05-01 14:00:00,01003U,Arusha,-3.3667,36.6833,234.59737886347529,25.615070260289805
2024-05-01 14:00:00,01003U,Goma,-1.6794,29.2336,279.0904766990096,26.62924509720133
2024-05-01 14:00:00,01003U,Zanzibar,-6.165,39.199,214.5695375716273,24.91101286869018
2024-05-01 16:00:00,01003U,Tunis,36.8064,10.1817,241.52733217041038,45.57430598121457
2024-05-01 21:00:00,01003U,Cape Town,-33.9253,18.4239,215.13381033495807,15.777830168236097
2024-05-01 23:00:00,01003U,Conakry,9.5092,-13.7122,226.4088262811894,10.325688837296681
2024-05-01 23:00:00,01003U,Monrovia,6.3133,-10.8014,214.48698947639588,10.051721745770434
2024-05-01 10:00:00,02001U,Cairo,30.0444,31.2358,210.47782913027893,27.899653489735456
2024-05-01 10:00:00,02001U,Khartoum,15.5006,32.56,135.65040028287714,18.670745909615835
2024-05-01 10:00:00,02001U,Tunis,36.8064,10.1817,320.40207165980803,10.091124625293205
2024-05-01 15:00:00,02001U,Johannesburg,-26.2044,28.0456,272.69983950104455,48.81009591625229
2024-05-01 15:00:00,02001U,Lusaka,-15.4167,28.2833,273.34191055847634,15.047243175695339
2024-05-01 15:00:00,02001U,Harare,-17.8292,31.0522,259.8324024823103,19.15072764076023
2024-05-01 15:00:00,02001U,Blantyre,-15.7861,35.0058,247.29488932433944,13.485915111893865
2024-05-01 15:00:00,02001U,Maputo,-25.9667,32.5833,228.6508346781245,38.46285442326032
2024-05-01 15:00:00,02001U,Maseru,-29.31,27.48,290.0673527143333,69.57868929286688
2024-05-01 15:00:00,02001U,Cape Town,-33.9253,18.4239,12.5912392248545,25.095095931685297
2024-05-01 15:00:00,02001U,Windhoek,-22.57,17.0836,324.90732771741824,15.818639599494595
2024-05-01 15:00:00,02001U,Gaborone,-24.6581,25.9122,291.78336120452684,38.47921873485243
2024-05-01 15:00:00,02001U,Durban,-29.8833,31.05,206.16265653509598,59.494972700854845
2024-05-01 17:00:00,02001U,Abuja,9.0667,7.4833,64.28663225778247,10.674292893563143
2024-05-01 17:00:00,02001U,Tunis,36.8064,10.1817,289.22171110557974,16.41288204800346
2024-05-01 22:00:00,02001U,Cape Town,-33.9253,18.4239,187.03771038638112,16.18607390633907
2024-05-02 00:00:00,02001U,Conakry,9.5092,-13.7122,180.18478852431844,15.557343802469962
2024-05-02 00:00:00,02001U,Dakar,14.6928,-17.4467,203.91231016692714,21.47846685373798
2024-05-02 00:00:00,02001U,Monrovia,6.3133,-10.8014,170.60054153356813,10.121526917590437
2024-05-02 00:00:00,02001U,Serekunda,13.4333,-16.6667,197.4718597291164,20.72257085739018
2024-05-01 04:00:00,02002U,Dakar,14.6928,-17.4467,124.00468873133622,17.727412392346526
2024-05-01 04:00:00,02002U,Serekunda,13.4333,-16.6667,124.25129069981864,14.989482398307999
2024-05-01 11:00:00,02002U,Lagos,6.455,3.3841,285.05509278514535,10.256922185414084
2024-05-01 11:00:00,02002U,Kinshasa,-4.325,15.3222,224.0324023166308,27.718138578986213
2024-05-01 11:00:00,02002U,Luanda,-8.8383,13.2344,205.64956496788196,45.17738802447965
2024-05-01 11:00:00,02002U,Douala,4.05,9.7,264.6541139623086,15.1822514399412
2024-05-01 11:00:00,02002U,Yaoundé,3.8667,11.5167,258.036009168198,15.00768717065574
2024-05-01 11:00:00,02002U,Port Harcourt,4.8242,7.0336,274.2187750852482,13.846446164651441
2024-05-01 11:00:00,02002U,Brazzaville,-4.2694,15.2714,224.4611478315085,27.714470620184517
2024-05-01 11:00:00,02002U,Libreville,0.3903,9.4542,263.5086922959938,23.063558687297405
2024-05-01 11:00:00,02002U,Windhoek,-22.57,17.0836,128.46947257903528,17.400067982553978
2024-05-01 13:00:00,02002U,Cairo,30.0444,31.2358,112.05086170908602,65.30631068052962
2024-05-01 13:00:00,02002U,Khartoum,15.5006,32.56,94.35816137472632,14.645840329470891
2024-05-01 18:00:00,02002U,Johannesburg,-26.2044,28.0456,282.7313889717379,17.013845714139077
2024-05-01 18:00:00,02002U,Maputo,-25.9667,32.5833,264.3086061622925,17.166398538339624
2024-05-01 18:00:00,02002U,Maseru,-29.31,27.48,286.8886772427993,22.865563912158827
2024-05-01 18:00:00,02002U,Cape Town,-33.9253,18.4239,330.00038550209723,17.108967115533563
2024-05-01 18:00:00,02002U,Gaborone,-24.6581,25.9122,289.71015774216806,13.380723794308626
2024-05-01 18:00:00,02002U,Durban,-29.8833,31.05,268.4085785141795,25.610285319691886
2024-05-01 20:00:00,02002U,Lagos,6.455,3.3841,324.7053809221888,44.11587437391767
2024-05-01 20:00:00,02002U,Kinshasa,-4.325,15.3222,133.82175122145244,25.98772155574571
2024-05-01 20:00:00,02002U,Luanda,-8.8383,13.2344,112.31146379321834,19.294028170541576
2024-05-01 20:00:00,02002U,Douala,4.05,9.7,210.67844608685326,72.44695308343749
2024-05-01 20:00:00,02002U,Abidjan,5.3167,-4.0333,349.6091469213515,20.489010096471276
2024-05-01 20:00:00,02002U,Abuja,9.0667,7.4833,276.3423763646783,43.10850625133397
2024-05-01 20:00:00,02002U,Ouagadougou,12.3686,-1.5275,316.1377492840356,18.137290988150863
2024-05-01 20:00:00,02002U,Yaoundé,3.8667,11.5167,192.62874672712815,58.8771485033902
2024-05-01 20:00:00,02002U,Accra,5.55,-0.2,343.5657688156919,31.30307451793506
2024-05-01 20:00:00,02002U,Port Harcourt,4.8242,7.0336,301.9656190022618,70.94367953329535
2024-05-01 20:00:00,02002U,Brazzaville,-4.2694,15.2714,133.84033473357283,26.20945615930453
2024-05-01 20:00:00,02002U,Libreville,0.3903,9.4542,116.44385070841155,62.63152958548206
2024-05-01 20:00:00,02002U,Cotonou,6.3667,2.4333,330.1318537037712,40.22704978856843
2024-05-01 04:00:00,02003U,Conakry,9.5092,-13.7122,149.3972540496964,13.30826289477061
2024-05-01 04:00:00,02003U,Dakar,14.6928,-17.4467,159.62667937631883,25.130447327464548
2024-05-01 04:00:00,02003U,Serekunda,13.4333,-16.6667,156.09597982984982,22.10205537251406
2024-05-01 11:00:00,02003U,Kinshasa,-4.325,15.3222,226.36245105401736,11.910370572786482
2024-05-01 11:00:00,02003U,Luanda,-8.8383,13.2344,218.30860020742955,20.621815853475965
2024-05-01 11:00:00,02003U,Brazzaville,-4.2694,15.2714,226.6164559348421,11.903908351241464
2024-05-01 11:00:00,02003U,Libreville,0.3903,9.4542,250.90779493286843,10.486641133927643
2024-05-01 11:00:00,02003U,Windhoek,-22.57,17.0836,156.4013663599957,15.561935199470202
2024-05-01 13:00:00,02003U,Cairo,30.0444,31.2358,250.72764066256363,54.3037713360466
2024-05-01 13:00:00,02003U,Khartoum,15.5006,32.56,104.90129146317265,29.419483836308153
2024-05-01 13:00:00,02003U,Djibouti,11.5883,43.145,135.25701285716744,10.557342462488847
2024-05-01 18:00:00,02003U,Maseru,-29.31,27.48,283.31409516550235,12.077182613079788
2024-05-01 18:00:00,02003U,Cape Town,-33.9253,18.4239,314.9945976665552,10.925960418958102
2024-05-01 18:00:00,02003U,Durban,-29.8833,31.05,270.89677811637375,13.689323919022739
2024-05-01 20:00:00,02003U,Lagos,6.455,3.3841,320.93494667329645,24.400511932273872
2024-05-01 20:00:00,02003U,Kinshasa,-4.325,15.3222,132.78943099761025,47.955460001534504
2024-05-01 20:00:00,02003U,Luanda,-8.8383,13.2344,99.05438609323726,32.74633785992686
2024-05-01 20:00:00,02003U,Douala,4.05,9.7,295.421371853601,49.20033527973008
2024-05-01 20:00:00,02003U,Abidjan,5.3167,-4.0333,339.91423705273183,11.822361285922
2024-05-01 20:00:00,02003U,Abuja,9.0667,7.4833,295.199886913092,25.7843274208788
2024-05-01 20:00:00,02003U,Yaoundé,3.8667,11.5167,274.1071577603834,53.37668623981549
2024-05-01 20:00:00,02003U,Accra,5.55,-0.2,333.50164646408854,18.205823058613554
2024-05-01 20:00:00,02003U,Port Harcourt,4.8242,7.0336,312.481172891077,37.832565931570095
2024-05-01 20:00:00,02003U,Brazzaville,-4.2694,15.2714,132.79696964107418,48.39970010556798
2024-05-01 20:00:00,02003U,Bujumbura,-3.3833,29.3667,170.63280416995482,10.348098240158627
2024-05-01 20:00:00,02003U,Libreville,0.3903,9.4542,339.7226279657638,67.03776000163977
2024-05-01 20:00:00,02003U,Cotonou,6.3667,2.4333,324.1942415168622,22.520867754929423
2024-05-01 20:00:00,02003U,Goma,-1.6794,29.2336,176.0913554588692,10.81552107321717
2024-05-01 00:00:00,03001U,Abidjan,5.3167,-4.0333,139.90451315675648,13.578166075496952
2024-05-01 00:00:00,03001U,Ouagadougou,12.3686,-1.5275,168.6752914312486,15.141603693326976
2024-05-01 00:00:00,03001U,Bamako,12.6458,-7.9922,161.42531011149907,32.66876059857124
2024-05-01 00:00:00,03001U,Conakry,9.5092,-13.7122,107.47124309607736,42.14499796272879
2024-05-01 00:00:00,03001U,Dakar,14.6928,-17.4467,13.475823218775504,68.83547114116638
2024-05-01 00:00:00,03001U,Monrovia,6.3133,-10.8014,118.70100787868078,25.561489819781862
2024-05-01 00:00:00,03001U,Serekunda,13.4333,-16.6667,53.34159541482342,68.68333021294204
2024-05-01 07:00:00,03001U,Bamako,12.6458,-7.9922,177.21139749216857,15.320871271484226
2024-05-01 07:00:00,03001U,Conakry,9.5092,-13.7122,158.05371671896248,27.54481652059421
2024-05-01 07:00:00,03001U,Dakar,14.6928,-17.4467,192.79752348640622,46.240006586234955
2024-05-01 07:00:00,03001U,Monrovia,6.3133,-10.8014,151.07063457736527,17.338013335213553
2024-05-01 07:00:00,03001U,Serekunda,13.4333,-16.6667,180.2145978399275,42.69969822093751
2024-05-01 14:00:00,03001U,Kinshasa,-4.325,15.3222,359.79502843069093,40.58833559585434
2024-05-01 14:00:00,03001U,Luanda,-8.8383,13.2344,26.869508112453612,27.662868917156693
2024-05-01 14:00:00,03001U,Douala,4.05,9.7,326.47788642298354,15.171106295225105
2024-05-01 14:00:00,03001U,Nairobi,-1.2864,36.8172,190.7369404214651,12.922856340342033
2024-05-01 14:00:00,03001U,Lusaka,-15.4167,28.2833,121.4428184820199,19.809408047540956
2024-05-01 14:00:00,03001U,Yaoundé,3.8667,11.5167,322.6845541109773,18.44869603196251
2024-05-01 14:00:00,03001U,Harare,-17.8292,31.0522,124.99125652873326,13.152591577127989
2024-05-01 14:00:00,03001U,Blantyre,-15.7861,35.0058,140.2446613184057,10.78850647650086
2024-05-01 14:00:00,03001U,Port Harcourt,4.8242,7.0336,329.3154054490058,10.569226187189324
2024-05-01 14:00:00,03001U,Brazzaville,-4.2694,15.2714,359.31789826226066,40.3264103150237
2024-05-01 14:00:00,03001U,Lubumbashi,-11.6647,27.4794,130.17433333846802,28.866723924806525
2024-05-01 14:00:00,03001U,Kampala,0.3136,32.5811,201.75189201180706,20.544579316247617
2024-05-01 14:00:00,03001U,Kigali,-1.9536,30.0606,194.75611392341338,29.34816011631395
2024-05-01 14:00:00,03001U,Bujumbura,-3.3833,29.3667,186.57361985915492,32.77074127301862
2024-05-01 14:00:00,03001U,Libreville,0.3903,9.4542,339.7321822247546,18.102920674250903
2024-05-01 14:00:00,03001U,Mwanza,-2.5167,32.9,188.61250228536235,21.33939792036374
2024-05-01 14:00:00,03001U,Arusha,-3.3667,36.6833,183.50134287979395,13.521310664822826
2024-05-01 14:00:00,03001U,Goma,-1.6794,29.2336,198.00660098149567,32.03023950164974
2024-05-01 21:00:00,03001U,Kinshasa,-4.325,15.3222,332.23276548301357,77.49115172017471
2024-05-01 21:00:00,03001U,Luanda,-8.8383,13.2344,50.296502883798105,45.9486617188383
2024-05-01 21:00:00,03001U,Douala,4.05,9.7,308.1882681681595,21.34249837710759
2024-05-01 21:00:00,03001U,Abuja,9.0667,7.4833,304.1733160356989,10.598832838500453
2024-05-01 21:00:00,03001U,Lusaka,-15.4167,28.2833,138.47082360167838,12.111341724367486
2024-05-01 21:00:00,03001U,Yaoundé,3.8667,11.5167,300.5485394425486,24.64446164326008
2024-05-01 21:00:00,03001U,Port Harcourt,4.8242,7.0336,315.15725539445054,15.929874486194215
2024-05-01 21:00:00,03001U,Brazzaville,-4.2694,15.2714,331.1431667792611,76.76687068366778
2024-05-01 21:00:00,03001U,Lubumbashi,-11.6647,27.4794,149.06160316948285,17.12013575034447
2024-05-01 21:00:00,03001U,Kigali,-1.9536,30.0606,191.82896479587922,14.700647552999524
2024-05-01 21:00:00,03001U,Bujumbura,-3.3833,29.3667,186.45011334935094,16.472391337721024
2024-05-01 21:00:00,03001U,Libreville,0.3903,9.4542,323.6953128409807,28.528716623720207
2024-05-01 21:00:00,03001U,Mwanza,-2.5167,32.9,188.00941186087604,10.032507307238845
2024-05-01 21:00:00,03001U,Goma,-1.6794,29.2336,193.68841146848501,16.202975981859016
2024-05-01 01:00:00,03002U,Abidjan,5.3167,-4.0333,139.4615529534766,10.478006185946596
2024-05-01 01:00:00,03002U,Ouagadougou,12.3686,-1.5275,162.55791718349926,12.460791283603665
2024-05-01 01:00:00,03002U,Bamako,12.6458,-7.9922,153.93848767651428,25.552891310549274
2024-05-01 01:00:00,03002U,Conakry,9.5092,-13.7122,118.32482957916115,32.21136222405329
2024-05-01 01:00:00,03002U,Dakar,14.6928,-17.4467,96.86842325328914,65.28548190962961
2024-05-01 01:00:00,03002U,Monrovia,6.3133,-10.8014,123.56168220349984,20.203745022122202
2024-05-01 01:00:00,03002U,Serekunda,13.4333,-16.6667,105.83605761118308,55.497205320774775
2024-05-01 10:00:00,03002U,Ouagadougou,12.3686,-1.5275,80.38684924336411,12.697374690506573
2024-05-01 10:00:00,03002U,Tunis,36.8064,10.1817,221.835014963296,23.373017067477438
2024-05-01 17:00:00,03002U,Kinshasa,-4.325,15.3222,356.7324570474074,16.76816872259653
2024-05-01 17:00:00,03002U,Luanda,-8.8383,13.2344,11.221740241964003,12.362230201556155
2024-05-01 17:00:00,03002U,Dar es Salaam,-6.8161,39.2803,171.99412700162296,26.772354770990926
2024-05-01 17:00:00,03002U,Nairobi,-1.2864,36.8172,205.06887461834816,33.16919454710439
2024-05-01 17:00:00,03002U,Mogadishu,2.0392,45.3419,202.25303926233914,11.47147825336385
2024-05-01 17:00:00,03002U,Lusaka,-15.4167,28.2833,80.75768937213886,30.033735230238126
2024-05-01 17:00:00,03002U,Harare,-17.8292,31.0522,95.6180043620837,23.771316846108693
2024-05-01 17:00:00,03002U,Blantyre,-15.7861,35.0058,119.30746577897675,25.06441536478803
2024-05-01 17:00:00,03002U,Brazzaville,-4.2694,15.2714,356.54448741842793,16.659652513685817
2024-05-01 17:00:00,03002U,Lubumbashi,-11.6647,27.4794,70.25266204374094,43.11189885283702
2024-05-01 17:00:00,03002U,Kampala,0.3136,32.5811,237.38561988682775,44.29928880066944
2024-05-01 17:00:00,03002U,Mombasa,-4.05,39.6667,185.75084048621972,25.729489812925678
2024-05-01 17:00:00,03002U,Kigali,-1.9536,30.0606,256.90451868743315,63.20055548547711
2024-05-01 17:00:00,03002U,Bujumbura,-3.3833,29.3667,269.9501545980975,74.62766263380615
2024-05-01 17:00:00,03002U,Gaborone,-24.6581,25.9122,74.31540322333703,10.55861122306447
2024-05-01 17:00:00,03002U,Mwanza,-2.5167,32.9,214.0418291258148,53.56177002778994
2024-05-01 17:00:00,03002U,Arusha,-3.3667,36.6833,192.59891139713875,35.89990475326896
2024-05-01 17:00:00,03002U,Goma,-1.6794,29.2336,273.0572242225993,61.86754229002059
2024-05-01 17:00:00,03002U,Zanzibar,-6.165,39.199,175.2253979911923,27.19767604481211
2024-05-01 19:00:00,03002U,Tunis,36.8064,10.1817,54.713795521539815,35.97791204422245
2024-05-02 00:00:00,03002U,Johannesburg,-26.2044,28.0456,202.0722966379047,14.187509860179901
2024-05-02 00:00:00,03002U,Maseru,-29.31,27.48,191.0877608313182,16.738556198545528
2024-05-02 00:00:00,03002U,Cape Town,-33.9253,18.4239,158.40159953296268,48.34500967336656
2024-05-02 00:00:00,03002U,Windhoek,-22.57,17.0836,251.32691580260513,27.376103348254944
2024-05-02 00:00:00,03002U,Gaborone,-24.6581,25.9122,211.17724969608108,16.65454518904474
2024-05-02 00:00:00,03002U,Durban,-29.8833,31.05,187.03410418365104,10.65368032519777
2024-05-01 01:00:00,03003U,Lagos,6.455,3.3841,161.1074477253166,10.530740904074646
2024-05-01 01:00:00,03003U,Abidjan,5.3167,-4.0333,144.95454101440595,22.352428349167546
2024-05-01 01:00:00,03003U,Ouagadougou,12.3686,-1.5275,179.67307496276024,21.7455801882612
2024-05-01 01:00:00,03003U,Accra,5.55,-0.2,153.75543453311462,15.500445432708002
2024-05-01 01:00:00,03003U,Bamako,12.6458,-7.9922,181.93157081696424,45.00114996620811
2024-05-01 01:00:00,03003U,Conakry,9.5092,-13.7122,94.95534103932191,65.0851212950456
2024-05-01 01:00:00,03003U,Dakar,14.6928,-17.4467,327.7957513636002,55.9549699439352
2024-05-01 01:00:00,03003U,Monrovia,6.3133,-10.8014,118.191262849428,40.82840813305313
2024-05-01 01:00:00,03003U,Cotonou,6.3667,2.4333,159.86021981429295,11.876299621667899
2024-05-01 01:00:00,03003U,Serekunda,13.4333,-16.6667,340.39907693182255,64.94743329916798
2024-05-01 10:00:00,03003U,Ouagadougou,12.3686,-1.5275,92.79772021139556,18.13568601806177
2024-05-01 10:00:00,03003U,Bamako,12.6458,-7.9922,67.397643157796,16.395421968116793
2024-05-01 10:00:00,03003U,Tunis,36.8064,10.1817,221.39170490293643,13.534695598348192
2024-05-01 17:00:00,03003U,Kinshasa,-4.325,15.3222,346.314748100327,17.152028726249018
2024-05-01 17:00:00,03003U,Luanda,-8.8383,13.2344,2.833284639505773,13.923390968320765
2024-05-01 17:00:00,03003U,Johannesburg,-26.2044,28.0456,83.4758308093924,12.793817263821268
2024-05-01 17:00:00,03003U,Dar es Salaam,-6.8161,39.2803,185.56512069607348,24.604112943400835
2024-05-01 17:00:00,03003U,Nairobi,-1.2864,36.8172,216.61575941191995,26.819234803778706
2024-05-01 17:00:00,03003U,Lusaka,-15.4167,28.2833,84.93782218709129,39.83920354096237
2024-05-01 17:00:00,03003U,Harare,-17.8292,31.0522,103.08247122866783,30.20158394060914
2024-05-01 17:00:00,03003U,Blantyre,-15.7861,35.0058,131.49734029283127,29.18783466247089
2024-05-01 17:00:00,03003U,Brazzaville,-4.2694,15.2714,346.16536573868075,17.024225230595892
2024-05-01 17:00:00,03003U,Lubumbashi,-11.6647,27.4794,69.23705567785532,58.874303474639845
2024-05-01 17:00:00,03003U,Kampala,0.3136,32.5811,243.5040250271,32.900929404291546
2024-05-01 17:00:00,03003U,Mombasa,-4.05,39.6667,197.67825523322006,22.399294435098778
2024-05-01 17:00:00,03003U,Maputo,-25.9667,32.5833,99.43489308430509,12.949530603743455
2024-05-01 17:00:00,03003U,Kigali,-1.9536,30.0606,256.6452531890467,45.706710745636016
2024-05-01 17:00:00,03003U,Bujumbura,-3.3833,29.3667,261.21666280948716,54.29049144612493
2024-05-01 17:00:00,03003U,Windhoek,-22.57,17.0836,46.74338501681745,10.150250620909375
2024-05-01 17:00:00,03003U,Gaborone,-24.6581,25.9122,75.76987494791373,14.518634328038713
2024-05-01 17:00:00,03003U,Mwanza,-2.5167,32.9,229.48739802171715,40.98377150616475
2024-05-01 17:00:00,03003U,Arusha,-3.3667,36.6833,207.22304409446133,30.121283816548605
2024-05-01 17:00:00,03003U,Goma,-1.6794,29.2336,265.63408575174384,45.08633480072049
2024-05-01 17:00:00,03003U,Zanzibar,-6.165,39.199,188.7026955248611,24.654934595660407
2024-05-01 19:00:00,03003U,Tunis,36.8064,10.1817,36.39049106215339,33.70179813959015
2024-05-02 00:00:00,03003U,Johannesburg,-26.2044,28.0456,205.1062740076182,17.303512599591155
2024-05-02 00:00:00,03003U,Maseru,-29.31,27.48,193.18047751116384,20.50809321772534
2024-05-02 00:00:00,03003U,Cape Town,-33.9253,18.4239,150.44806657590246,59.5469691307548
2024-05-02 00:00:00,03003U,Windhoek,-22.57,17.0836,261.39483416903704,28.653903530528225
2024-05-02 00:00:00,03003U,Gaborone,-24.6581,25.9122,215.51512621511372,19.814126342108615
2024-05-02 00:00:00,03003U,Durban,-29.8833,31.05,188.26146546373695,13.546639114171006
2024-05-01 13:00:00,04001U,Abuja,9.0667,7.4833,73.91917669353175,10.19920614569945
2024-05-01 13:00:00,04001U,Tunis,36.8064,10.1817,280.3531565632261,23.85757675423177
2024-05-01 18:00:00,04001U,Johannesburg,-26.2044,28.0456,218.5457801302203,25.239524311269637
2024-05-01 18:00:00,04001U,Maputo,-25.9667,32.5833,207.84335223508805,15.75401176222975
2024-05-01 18:00:00,04001U,Maseru,-29.31,27.48,204.2729884523373,31.76943949884387
2024-05-01 18:00:00,04001U,Cape Town,-33.9253,18.4239,32.91227899581509,71.81273140459533
2024-05-01 18:00:00,04001U,Windhoek,-22.57,17.0836,287.9789543418801,24.963997042400045
2024-05-01 18:00:00,04001U,Gaborone,-24.6581,25.9122,233.62781787184593,26.73486951357766
2024-05-01 18:00:00,04001U,Durban,-29.8833,31.05,194.38406548651434,21.694405085857323
2024-05-01 20:00:00,04001U,Cairo,30.0444,31.2358,220.31093509505789,30.3740095669005
2024-05-01 20:00:00,04001U,Khartoum,15.5006,32.56,132.65181479288745,21.77044602043863
2024-05-01 03:00:00,04002U,Cape Town,-33.9253,18.4239,283.1975882211356,10.352815093764072
2024-05-01 07:00:00,04002U,Dakar,14.6928,-17.4467,136.0777113907555,11.6991347177109
2024-05-01 14:00:00,04002U,Lagos,6.455,3.3841,236.60570362227276,19.240929295800576
2024-05-01 14:00:00,04002U,Luanda,-8.8383,13.2344,166.83298190656254,11.512987087126058
2024-05-01 14:00:00,04002U,Douala,4.05,9.7,213.22424596232437,13.752979732454028
2024-05-01 14:00:00,04002U,Abidjan,5.3167,-4.0333,269.06535449725,28.089732229426915
2024-05-01 14:00:00,04002U,Abuja,9.0667,7.4833,230.7018063109917,10.993480988828136
2024-05-01 14:00:00,04002U,Ouagadougou,12.3686,-1.5275,261.0665688465214,12.068021315613732
2024-05-01 14:00:00,04002U,Yaoundé,3.8667,11.5167,209.6273323864178,11.365301953035384
2024-05-01 14:00:00,04002U,Accra,5.55,-0.2,249.2391738436237,25.264106199977935
2024-05-01 14:00:00,04002U,Bamako,12.6458,-7.9922,281.395575144711,11.398722362920742
2024-05-01 14:00:00,04002U,Port Harcourt,4.8242,7.0336,221.30721525479848,16.80820603822531
2024-05-01 14:00:00,04002U,Conakry,9.5092,-13.7122,302.5657620620383,12.57808654943289
2024-05-01 14:00:00,04002U,Monrovia,6.3133,-10.8014,300.0757484646796,20.706182999480667
2024-05-01 14:00:00,04002U,Libreville,0.3903,9.4542,201.37784841354977,17.258924902486978
2024-05-01 14:00:00,04002U,Cotonou,6.3667,2.4333,239.81240600123857,20.52803143632027
2024-05-01 16:00:00,04002U,Cairo,30.0444,31.2358,149.98265843505715,49.751575213952414
2024-05-01 16:00:00,04002U,Khartoum,15.5006,32.56,105.82919131837158,13.269233338840088
2024-05-01 16:00:00,04002U,Tunis,36.8064,10.1817,347.68834494309334,11.247928458741363
2024-05-01 21:00:00,04002U,Johannesburg,-26.2044,28.0456,270.87369105283636,16.948865075104568
2024-05-01 21:00:00,04002U,Maputo,-25.9667,32.5833,253.60093651866688,15.330497251246769
2024-05-01 21:00:00,04002U,Maseru,-29.31,27.48,272.27547111993204,23.303909936907736
2024-05-01 21:00:00,04002U,Cape Town,-33.9253,18.4239,321.54531655081354,22.4659812892924
2024-05-01 21:00:00,04002U,Gaborone,-24.6581,25.9122,279.14341902162016,13.975328486523921
2024-05-01 21:00:00,04002U,Durban,-29.8833,31.05,253.83846508128275,23.484074466951334
2024-05-01 23:00:00,04002U,Lagos,6.455,3.3841,5.821170330624331,13.137631942121436
2024-05-01 23:00:00,04002U,Kinshasa,-4.325,15.3222,70.4299049579549,19.745905917224288
2024-05-01 23:00:00,04002U,Luanda,-8.8383,13.2344,67.87873453434008,10.645257413949434
2024-05-01 23:00:00,04002U,Khartoum,15.5006,32.56,208.15862097386193,14.734573035295977
2024-05-01 23:00:00,04002U,Douala,4.05,9.7,22.292892977530933,25.74761930134131
2024-05-01 23:00:00,04002U,Abuja,9.0667,7.4833,355.5943804773841,21.760529154885653
2024-05-01 23:00:00,04002U,Yaoundé,3.8667,11.5167,27.860052250543156,30.90015807108102
2024-05-01 23:00:00,04002U,Port Harcourt,4.8242,7.0336,14.592535589565962,19.74272551415891
2024-05-01 23:00:00,04002U,Brazzaville,-4.2694,15.2714,70.14772493094621,19.823625344351033
2024-05-01 23:00:00,04002U,Kampala,0.3136,32.5811,150.43304159466211,14.371121857585205
2024-05-01 23:00:00,04002U,Kigali,-1.9536,30.0606,137.57941674361385,16.084369631871848
2024-05-01 23:00:00,04002U,Bujumbura,-3.3833,29.3667,131.55190484525372,15.308529231547096
2024-05-01 23:00:00,04002U,Libreville,0.3903,9.4542,36.95774281184074,20.37264919384931
2024-05-01 23:00:00,04002U,Cotonou,6.3667,2.4333,5.789789200573413,11.546388466393417
2024-05-01 23:00:00,04002U,Mwanza,-2.5167,32.9,142.53228593428184,11.647652507123611
2024-05-01 23:00:00,04002U,Goma,-1.6794,29.2336,136.1312791202085,17.649561126286578
2024-05-01 07:00:00,04003U,Dakar,14.6928,-17.4467,143.08748403238204,14.106507375216209
2024-05-01 07:00:00,04003U,Serekunda,13.4333,-16.6667,141.88753008654237,11.863030112973055
2024-05-01 14:00:00,04003U,Lagos,6.455,3.3841,230.57362491289373,16.66273105844436
2024-05-01 14:00:00,04003U,Douala,4.05,9.7,209.98911406700697,10.904632196143606
2024-05-01 14:00:00,04003U,Abidjan,5.3167,-4.0333,258.920561399626,27.18280456879533
2024-05-01 14:00:00,04003U,Ouagadougou,12.3686,-1.5275,255.1817436738288,11.222611802357862
2024-05-01 14:00:00,04003U,Accra,5.55,-0.2,240.93556221412888,22.873002760677995
2024-05-01 14:00:00,04003U,Bamako,12.6458,-7.9922,275.55678411662615,11.61483006092635
2024-05-01 14:00:00,04003U,Port Harcourt,4.8242,7.0336,216.9783928108371,13.853264468617184
2024-05-01 14:00:00,04003U,Conakry,9.5092,-13.7122,297.26299331025615,13.896391348116868
2024-05-01 14:00:00,04003U,Monrovia,6.3133,-10.8014,292.74016598203787,22.37186052259162
2024-05-01 14:00:00,04003U,Libreville,0.3903,9.4542,198.97361206329865,13.726356129997718
2024-05-01 14:00:00,04003U,Cotonou,6.3667,2.4333,233.27980014654003,17.989547762053224
2024-05-01 16:00:00,04003U,Cairo,30.0444,31.2358,153.55671744172614,46.03401691838324
2024-05-01 16:00:00,04003U,Khartoum,15.5006,32.56,107.9626314121652,12.585954351435388
2024-05-01 16:00:00,04003U,Tunis,36.8064,10.1817,347.0453640176915,11.98026709934001
2024-05-01 21:00:00,04003U,Johannesburg,-26.2044,28.0456,268.9756191705485,18.84933806031477
2024-05-01 21:00:00,04003U,Maputo,-25.9667,32.5833,250.58111258854876,16.687732456832336
2024-05-01 21:00:00,04003U,Maseru,-29.31,27.48,270.178218444975,25.94737781467415
2024-05-01 21:00:00,04003U,Cape Town,-33.9253,18.4239,324.88040901844295,24.637970409045433
2024-05-01 21:00:00,04003U,Gaborone,-24.6581,25.9122,278.02933179717195,15.716155676135818
2024-05-01 21:00:00,04003U,Durban,-29.8833,31.05,249.97165985513791,25.583404735720617
2024-05-01 23:00:00,04003U,Lagos,6.455,3.3841,12.046834273429223,11.766887611261179
2024-05-01 23:00:00,04003U,Kinshasa,-4.325,15.3222,70.15757335127833,15.749175351312955
2024-05-01 23:00:00,04003U,Khartoum,15.5006,32.56,202.07982565285323,17.32824740921929
2024-05-01 23:00:00,04003U,Douala,4.05,9.7,29.625871043243187,22.097245998929584
2024-05-01 23:00:00,04003U,Abuja,9.0667,7.4833,4.583418134275025,20.448236586036728
2024-05-01 23:00:00,04003U,Yaoundé,3.8667,11.5167,35.4493100286901,26.067897307302488
2024-05-01 23:00:00,04003U,Port Harcourt,4.8242,7.0336,21.525940137972448,17.320036809484105
2024-05-01 23:00:00,04003U,Brazzaville,-4.2694,15.2714,69.91635156637479,15.813557249121299
2024-05-01 23:00:00,04003U,Kampala,0.3136,32.5811,143.18883496076126,13.780381092831217
2024-05-01 23:00:00,04003U,Kigali,-1.9536,30.0606,130.4887168822112,14.710035063641362
2024-05-01 23:00:00,04003U,Bujumbura,-3.3833,29.3667,124.98718358892857,13.697325370202973
2024-05-01 23:00:00,04003U,Libreville,0.3903,9.4542,41.41786458126284,16.828375196624588
2024-05-01 23:00:00,04003U,Cotonou,6.3667,2.4333,11.691831800415045,10.278844101033737
2024-05-01 23:00:00,04003U,Mwanza,-2.5167,32.9,136.17410544586653,10.811175716551283
2024-05-01 23:00:00,04003U,Goma,-1.6794,29.2336,128.77607584429032,16.066461102310782
2024-05-01 01:00:00,05001U,Johannesburg,-26.2044,28.0456,293.49982437762253,64.62068010938313
2024-05-01 01:00:00,05001U,Lusaka,-15.4167,28.2833,276.8063149420627,19.456895449905595
2024-05-01 01:00:00,05001U,Harare,-17.8292,31.0522,260.8518968857572,25.013463089918115
2024-05-01 01:00:00,05001U,Blantyre,-15.7861,35.0058,245.3134414317573,17.7100207854074
2024-05-01 01:00:00,05001U,Lubumbashi,-11.6647,27.4794,279.8565458452391,12.557974424939752
2024-05-01 01:00:00,05001U,Maputo,-25.9667,32.5833,215.60495741288173,50.25372602372275
2024-05-01 01:00:00,05001U,Maseru,-29.31,27.48,14.997165676362323,73.33485144130512
2024-05-01 01:00:00,05001U,Cape Town,-33.9253,18.4239,22.836941188970684,20.091106211479488
2024-05-01 01:00:00,05001U,Windhoek,-22.57,17.0836,335.27827687861407,16.308671943577405
2024-05-01 01:00:00,05001U,Gaborone,-24.6581,25.9122,310.8323533747959,46.81759621639167
2024-05-01 01:00:00,05001U,Durban,-29.8833,31.05,155.55132827235553,67.40243382281304
2024-05-01 03:00:00,05001U,Lagos,6.455,3.3841,115.37873141277161,16.91534088505112
2024-05-01 03:00:00,05001U,Abidjan,5.3167,-4.0333,82.44964100927494,16.959113985716694
2024-05-01 03:00:00,05001U,Abuja,9.0667,7.4833,136.47943631248611,16.29588122134178
2024-05-01 03:00:00,05001U,Ouagadougou,12.3686,-1.5275,97.0305353916398,41.103401670585654
2024-05-01 03:00:00,05001U,Accra,5.55,-0.2,99.21976619175551,17.34476698572142
2024-05-01 03:00:00,05001U,Bamako,12.6458,-7.9922,44.06924786397062,31.385106170846502
2024-05-01 03:00:00,05001U,Port Harcourt,4.8242,7.0336,124.24318817311254,10.96619584578197
2024-05-01 03:00:00,05001U,Conakry,9.5092,-13.7122,37.58473088877325,14.306285124028115
2024-05-01 03:00:00,05001U,Dakar,14.6928,-17.4467,13.042783288410229,12.066422637191865
2024-05-01 03:00:00,05001U,Monrovia,6.3133,-10.8014,54.901712731468436,13.83694743235334
2024-05-01 03:00:00,05001U,Cotonou,6.3667,2.4333,111.40559859101155,17.5523727056911
2024-05-01 03:00:00,05001U,Serekunda,13.4333,-16.6667,18.423660841205773,12.794682782378754
2024-05-01 10:00:00,05001U,Conakry,9.5092,-13.7122,173.0529992046783,13.45245322961537
2024-05-01 10:00:00,05001U,Dakar,14.6928,-17.4467,192.84088779391791,20.691098250386432
2024-05-01 10:00:00,05001U,Serekunda,13.4333,-16.6667,187.17434345823793,19.380528555452134
2024-05-01 17:00:00,05001U,Lagos,6.455,3.3841,306.3990040534443,23.328997234207364
2024-05-01 17:00:00,05001U,Kinshasa,-4.325,15.3222,160.98492633128814,43.09445571036373
2024-05-01 17:00:00,05001U,Luanda,-8.8383,13.2344,117.71075207887417,36.34956871735042
2024-05-01 17:00:00,05001U,Douala,4.05,9.7,271.56686343704433,40.034577843173814
2024-05-01 17:00:00,05001U,Abidjan,5.3167,-4.0333,330.80605008752616,12.770576463705828
2024-05-01 17:00:00,05001U,Abuja,9.0667,7.4833,282.3641215986386,21.488725876980777
2024-05-01 17:00:00,05001U,Yaoundé,3.8667,11.5167,255.26346410035413,39.89222696551825
2024-05-01 17:00:00,05001U,Accra,5.55,-0.2,321.68667428023696,18.75316025152797
2024-05-01 17:00:00,05001U,Port Harcourt,4.8242,7.0336,291.6087736102715,34.11049676272021
2024-05-01 17:00:00,05001U,Brazzaville,-4.2694,15.2714,161.3415865370578,43.45180124242545
2024-05-01 17:00:00,05001U,Libreville,0.3903,9.4542,277.6036042434166,63.652775309935706
2024-05-01 17:00:00,05001U,Cotonou,6.3667,2.4333,310.4332388948012,21.94907094737234
2024-05-02 00:00:00,05001U,Kinshasa,-4.325,15.3222,356.6369158443484,21.90397300723914
2024-05-02 00:00:00,05001U,Luanda,-8.8383,13.2344,14.995663205385098,15.959176548947474
2024-05-02 00:00:00,05001U,Dar es Salaam,-6.8161,39.2803,172.92527410962956,16.33481571077744
2024-05-02 00:00:00,05001U,Nairobi,-1.2864,36.8172,197.73038553397356,21.143880261177063
2024-05-02 00:00:00,05001U,Lusaka,-15.4167,28.2833,100.49795619112469,25.75174374335185
2024-05-02 00:00:00,05001U,Harare,-17.8292,31.0522,110.27449698789725,18.346223502003596
2024-05-02 00:00:00,05001U,Blantyre,-15.7861,35.0058,130.70361257136466,17.167189420606313
2024-05-02 00:00:00,05001U,Brazzaville,-4.2694,15.2714,356.38766243631994,21.76054641105816
2024-05-02 00:00:00,05001U,Lubumbashi,-11.6647,27.4794,101.03566596192378,39.6011910345914
2024-05-02 00:00:00,05001U,Kampala,0.3136,32.5811,217.37975938032972,31.262134827550874
2024-05-02 00:00:00,05001U,Mombasa,-4.05,39.6667,183.7605684852504,15.671229943322187
2024-05-02 00:00:00,05001U,Kigali,-1.9536,30.0606,215.6158653348432,47.335370207201635
2024-05-02 00:00:00,05001U,Bujumbura,-3.3833,29.3667,204.83845686367343,56.105675844993655
2024-05-02 00:00:00,05001U,Mwanza,-2.5167,32.9,198.64565350523873,34.80717052920313
2024-05-02 00:00:00,05001U,Arusha,-3.3667,36.6833,188.1393564445662,22.489195989043704
2024-05-02 00:00:00,05001U,Goma,-1.6794,29.2336,224.82684996150945,50.53981316905567
2024-05-02 00:00:00,05001U,Zanzibar,-6.165,39.199,175.46035535121274,16.610114625058834
2024-05-01 02:00:00,05002U,Kinshasa,-4.325,15.3222,322.1491952472717,17.883852578800354
2024-05-01 02:00:00,05002U,Luanda,-8.8383,13.2344,341.8037248781276,18.36715682685015
2024-05-01 02:00:00,05002U,Johannesburg,-26.2044,28.0456,98.67332998937185,21.54882725203103
2024-05-01 02:00:00,05002U,Dar es Salaam,-6.8161,39.2803,203.9011023247652,15.207201744588886
2024-05-01 02:00:00,05002U,Nairobi,-1.2864,36.8172,226.14886416778143,14.28527108067125
2024-05-01 02:00:00,05002U,Lusaka,-15.4167,28.2833,143.97779652845892,60.719309054565535
2024-05-01 02:00:00,05002U,Harare,-17.8292,31.0522,142.45012890706386,39.108243459639866
2024-05-01 02:00:00,05002U,Blantyre,-15.7861,35.0058,166.5171137008627,27.764335763517778
2024-05-01 02:00:00,05002U,Brazzaville,-4.2694,15.2714,322.1160451647584,17.728243622014805
2024-05-01 02:00:00,05002U,Lubumbashi,-11.6647,27.4794,219.94256152363806,67.85165450130243
2024-05-01 02:00:00,05002U,Kampala,0.3136,32.5811,243.4718819196232,16.946660237801517
2024-05-01 02:00:00,05002U,Mombasa,-4.05,39.6667,211.910520759652,12.790309210192563
2024-05-01 02:00:00,05002U,Maputo,-25.9667,32.5833,118.73526059464376,18.54538749092688
2024-05-01 02:00:00,05002U,Kigali,-1.9536,30.0606,249.24809462468676,23.539579073011954
2024-05-01 02:00:00,05002U,Bujumbura,-3.3833,29.3667,249.70857156866126,27.71315797244313
2024-05-01 02:00:00,05002U,Maseru,-29.31,27.48,93.55087297359077,15.657007929407392
2024-05-01 02:00:00,05002U,Windhoek,-22.57,17.0836,43.61393940962643,20.57422613811418
2024-05-01 02:00:00,05002U,Gaborone,-24.6581,25.9122,88.88945798887478,25.71407010371509
2024-05-01 02:00:00,05002U,Mwanza,-2.5167,32.9,235.40373601895027,21.209950679132334
2024-05-01 02:00:00,05002U,Durban,-29.8833,31.05,106.09654690260301,13.605478526253178
2024-05-01 02:00:00,05002U,Arusha,-3.3667,36.6833,220.56730952080088,16.676151832155277
2024-05-01 02:00:00,05002U,Goma,-1.6794,29.2336,253.81436095867957,23.635739694768695
2024-05-01 02:00:00,05002U,Zanzibar,-6.165,39.199,206.18785078313212,14.94251202609723
2024-05-01 04:00:00,05002U,Ouagadougou,12.3686,-1.5275,115.57326688810417,20.461427748121878
2024-05-01 04:00:00,05002U,Bamako,12.6458,-7.9922,85.32784644764415,24.23904021082541
2024-05-01 04:00:00,05002U,Conakry,9.5092,-13.7122,65.83402011765352,14.352390892136402
2024-05-01 04:00:00,05002U,Dakar,14.6928,-17.4467,41.522692787259,17.968395866422266
2024-05-01 04:00:00,05002U,Monrovia,6.3133,-10.8014,78.92636195732327,10.837810533263765
2024-05-01 04:00:00,05002U,Serekunda,13.4333,-16.6667,47.57395647819038,17.363414661558934
2024-05-01 20:00:00,05002U,Kinshasa,-4.325,15.3222,6.496839437620501,32.031402261550525
2024-05-01 20:00:00,05002U,Luanda,-8.8383,13.2344,25.690060682414806,22.06623098416458
2024-05-01 20:00:00,05002U,Dar es Salaam,-6.8161,39.2803,167.8925212816968,13.968320598038204
2024-05-01 20:00:00,05002U,Douala,4.05,9.7,334.5254988759945,13.821900568661867
2024-05-01 20:00:00,05002U,Nairobi,-1.2864,36.8172,188.08580831099627,19.219241939069022
2024-05-01 20:00:00,05002U,Lusaka,-15.4167,28.2833,109.1890390762224,22.227247668677705
2024-05-01 20:00:00,05002U,Yaoundé,3.8667,11.5167,332.04171806395226,17.041645777290498
2024-05-01 20:00:00,05002U,Harare,-17.8292,31.0522,115.44728425601582,15.638905208263738
2024-05-01 20:00:00,05002U,Blantyre,-15.7861,35.0058,132.23509578779087,14.190796851616474
2024-05-01 20:00:00,05002U,Brazzaville,-4.2694,15.2714,6.121365171913151,31.867397766560334
2024-05-01 20:00:00,05002U,Lubumbashi,-11.6647,27.4794,113.55930742327293,32.7198208719875
2024-05-01 20:00:00,05002U,Kampala,0.3136,32.5811,200.87695533101862,29.62873895110241
2024-05-01 20:00:00,05002U,Mombasa,-4.05,39.6667,177.37320338372407,13.775376830369733
2024-05-01 20:00:00,05002U,Kigali,-1.9536,30.0606,191.08311058063646,41.93465346506859
2024-05-01 20:00:00,05002U,Bujumbura,-3.3833,29.3667,178.91934551220206,46.238905745233005
2024-05-01 20:00:00,05002U,Libreville,0.3903,9.4542,346.7389418161647,15.607687948357622
2024-05-01 20:00:00,05002U,Mwanza,-2.5167,32.9,184.4020724823907,30.361841689519444
2024-05-01 20:00:00,05002U,Arusha,-3.3667,36.6833,179.6019197005648,19.775193164275706
2024-05-01 20:00:00,05002U,Goma,-1.6794,29.2336,195.28035654625532,45.94058719306592
2024-05-01 20:00:00,05002U,Zanzibar,-6.165,39.199,170.02793994009483,14.284006095064312
2024-05-01 22:00:00,05002U,Cairo,30.0444,31.2358,111.26750976512044,10.719649474330197
2024-05-01 22:00:00,05002U,Tunis,36.8064,10.1817,35.99209033532561,11.113936217801253
2024-05-01 02:00:00,05003U,Kinshasa,-4.325,15.3222,323.0325238728984,15.461999582351607
2024-05-01 02:00:00,05003U,Luanda,-8.8383,13.2344,340.83270899479,15.899738032352435
2024-05-01 02:00:00,05003U,Johannesburg,-26.2044,28.0456,94.01864986749102,23.874916557525882
2024-05-01 02:00:00,05003U,Dar es Salaam,-6.8161,39.2803,207.95443976578287,16.755063628356606
2024-05-01 02:00:00,05003U,Nairobi,-1.2864,36.8172,230.77272170152426,15.039198943092114
2024-05-01 02:00:00,05003U,Lusaka,-15.4167,28.2833,141.24722532875484,71.28066520805248
2024-05-01 02:00:00,05003U,Harare,-17.8292,31.0522,141.38624847967696,45.73871326298737
2024-05-01 02:00:00,05003U,Blantyre,-15.7861,35.0058,169.24426871773431,31.95935338825458
2024-05-01 02:00:00,05003U,Brazzaville,-4.2694,15.2714,322.99924784368335,15.32276783662223
2024-05-01 02:00:00,05003U,Lubumbashi,-11.6647,27.4794,251.4460044516714,68.76077076551792
2024-05-01 02:00:00,05003U,Kampala,0.3136,32.5811,248.71896384937594,17.016960330918266
2024-05-01 02:00:00,05003U,Mombasa,-4.05,39.6667,215.8964486118505,13.967239733961994
2024-05-01 02:00:00,05003U,Maputo,-25.9667,32.5833,116.24112785091728,21.25501356971579
2024-05-01 02:00:00,05003U,Kigali,-1.9536,30.0606,255.69667851965878,23.16324158849484
2024-05-01 02:00:00,05003U,Bujumbura,-3.3833,29.3667,257.0419741336684,27.146882006179336
2024-05-01 02:00:00,05003U,Maseru,-29.31,27.48,89.57904057190513,17.32951899847119
2024-05-01 02:00:00,05003U,Windhoek,-22.57,17.0836,37.94661615826628,19.884789813189478
2024-05-01 02:00:00,05003U,Gaborone,-24.6581,25.9122,82.6916998899296,27.834381431713933
2024-05-01 02:00:00,05003U,Mwanza,-2.5167,32.9,241.47347156315166,21.627718281556977
2024-05-01 02:00:00,05003U,Durban,-29.8833,31.05,103.22568557443235,15.523610021888954
2024-05-01 02:00:00,05003U,Arusha,-3.3667,36.6833,225.48634293781984,17.700565724487937
2024-05-01 02:00:00,05003U,Goma,-1.6794,29.2336,260.16650512526456,23.000830929621227
2024-05-01 02:00:00,05003U,Zanzibar,-6.165,39.199,210.2985763922608,16.40243973276681
2024-05-01 04:00:00,05003U,Ouagadougou,12.3686,-1.5275,108.19365268247306,21.810872754870665
2024-05-01 04:00:00,05003U,Bamako,12.6458,-7.9922,77.24808714034481,23.346775506476945
2024-05-01 04:00:00,05003U,Conakry,9.5092,-13.7122,60.917976865622826,12.951252748148246
2024-05-01 04:00:00,05003U,Dakar,14.6928,-17.4467,37.954786460655924,15.442688970358782
2024-05-01 04:00:00,05003U,Monrovia,6.3133,-10.8014,73.96763676377259,10.126508261388318
2024-05-01 04:00:00,05003U,Serekunda,13.4333,-16.6667,43.54453501529104,15.075310602131507
2024-05-01 20:00:00,05003U,Kinshasa,-4.325,15.3222,25.829709082529803,27.397952321283242
2024-05-01 20:00:00,05003U,Luanda,-8.8383,13.2344,37.37171673490295,17.0220497046717
2024-05-01 20:00:00,05003U,Dar es Salaam,-6.8161,39.2803,156.14685020862257,12.513166741627016
2024-05-01 20:00:00,05003U,Khartoum,15.5006,32.56,241.59866998673868,13.391649134124927
2024-05-01 20:00:00,05003U,Douala,4.05,9.7,346.499883692402,15.21125028190328
2024-05-01 20:00:00,05003U,Nairobi,-1.2864,36.8172,173.35153325069473,19.413911789586752
2024-05-01 20:00:00,05003U,Lusaka,-15.4167,28.2833,102.83113050001633,15.34019954366333
2024-05-01 20:00:00,05003U,Yaoundé,3.8667,11.5167,345.39774573874723,18.90326958189628
2024-05-01 20:00:00,05003U,Harare,-17.8292,31.0522,108.84947768511928,10.596510363063517
2024-05-01 20:00:00,05003U,Blantyre,-15.7861,35.0058,123.53841414196107,10.28099417081839
2024-05-01 20:00:00,05003U,Port Harcourt,4.8242,7.0336,346.2011756270764,10.508847892548484
2024-05-01 20:00:00,05003U,Brazzaville,-4.2694,15.2714,25.436852161244225,27.327192770964835
2024-05-01 20:00:00,05003U,Lubumbashi,-11.6647,27.4794,104.63107429294655,22.976305451646688
2024-05-01 20:00:00,05003U,Kampala,0.3136,32.5811,179.98540797364498,31.940575797625986
2024-05-01 20:00:00,05003U,Mombasa,-4.05,39.6667,165.3371251388263,13.092592998904426
2024-05-01 20:00:00,05003U,Kigali,-1.9536,30.0606,160.6579274367956,41.45360649023801
2024-05-01 20:00:00,05003U,Bujumbura,-3.3833,29.3667,146.91805432865166,41.82131255003646
2024-05-01 20:00:00,05003U,Libreville,0.3903,9.4542,359.73004634839833,15.575326280881784
2024-05-01 20:00:00,05003U,Mwanza,-2.5167,32.9,163.4367606602059,29.560760000097588
2024-05-01 20:00:00,05003U,Arusha,-3.3667,36.6833,164.800060616667,18.996161680798487
2024-05-01 20:00:00,05003U,Goma,-1.6794,29.2336,160.29979089523786,46.086086568104975
2024-05-01 20:00:00,05003U,Zanzibar,-6.165,39.199,158.05600878878462,12.972590603787156
2024-05-01 00:00:00,06001U,Kinshasa,-4.325,15.3222,359.39084567984634,14.701093727642284
2024-05-01 00:00:00,06001U,Luanda,-8.8383,13.2344,13.243846026620545,10.280264776943003
2024-05-01 00:00:00,06001U,Dar es Salaam,-6.8161,39.2803,168.15950005123884,24.915283140340946
2024-05-01 00:00:00,06001U,Nairobi,-1.2864,36.8172,201.25253281955784,32.47106500853014
2024-05-01 00:00:00,06001U,Mogadishu,2.0392,45.3419,200.3283722991603,10.538188695182159
2024-05-01 00:00:00,06001U,Lusaka,-15.4167,28.2833,79.88938091672722,25.680490034150335
2024-05-01 00:00:00,06001U,Harare,-17.8292,31.0522,94.01467638907828,20.246541705268065
2024-05-01 00:00:00,06001U,Blantyre,-15.7861,35.0058,116.5488306976572,21.8405205671589
2024-05-01 00:00:00,06001U,Brazzaville,-4.2694,15.2714,359.19574729504694,14.603376523386912
2024-05-01 00:00:00,06001U,Lubumbashi,-11.6647,27.4794,70.23064021958717,37.31678555275495
2024-05-01 00:00:00,06001U,Kampala,0.3136,32.5811,235.00037854800286,45.50689695093303
2024-05-01 00:00:00,06001U,Mombasa,-4.05,39.6667,182.2161435840919,24.301795346846593
2024-05-01 00:00:00,06001U,Kigali,-1.9536,30.0606,257.5498010758512,67.15984030236135
2024-05-01 00:00:00,06001U,Bujumbura,-3.3833,29.3667,280.67994092956695,79.68488415345622
2024-05-01 00:00:00,06001U,Mwanza,-2.5167,32.9,207.3973252116805,54.77180685038337
2024-05-01 00:00:00,06001U,Arusha,-3.3667,36.6833,187.89548253725556,34.801000773751554
2024-05-01 00:00:00,06001U,Goma,-1.6794,29.2336,277.898994073313,65.26420270481528
2024-05-01 00:00:00,06001U,Zanzibar,-6.165,39.199,171.3631030348256,25.432051625750262
2024-05-01 02:00:00,06001U,Tunis,36.8064,10.1817,91.20119503588072,18.59254687163171
2024-05-01 07:00:00,06001U,Kinshasa,-4.325,15.3222,204.14859460528393,10.854122289321817
2024-05-01 07:00:00,06001U,Luanda,-8.8383,13.2344,189.14430879275895,16.871636877383608
2024-05-01 07:00:00,06001U,Accra,5.55,-0.2,272.04359047241786,10.505157370527208
2024-05-01 07:00:00,06001U,Brazzaville,-4.2694,15.2714,204.40332573515894,10.89283365943396
2024-05-01 07:00:00,06001U,Libreville,0.3903,9.4542,231.85363922019286,13.994717248699375
2024-05-01 16:00:00,06001U,Ouagadougou,12.3686,-1.5275,91.59559916270747,11.896420481450352
2024-05-01 16:00:00,06001U,Bamako,12.6458,-7.9922,70.32229971816803,10.69277071818293
2024-05-01 16:00:00,06001U,Tunis,36.8064,10.1817,213.8443604598897,15.521799154673806
2024-05-01 21:00:00,06001U,Cape Town,-33.9253,18.4239,167.29032773034228,22.31953622878214
2024-05-01 21:00:00,06001U,Windhoek,-22.57,17.0836,222.8452071033983,18.243005367369577
2024-05-01 23:00:00,06001U,Cairo,30.0444,31.2358,264.0754926352128,28.64550532689987
2024-05-01 23:00:00,06001U,Khartoum,15.5006,32.56,122.76163793895616,48.19616398626849
2024-05-01 23:00:00,06001U,Djibouti,11.5883,43.145,150.09620059529934,13.472787745057703
2024-05-01 01:00:00,06002U,Cairo,30.0444,31.2358,241.00424341722106,46.81866256345992
2024-05-01 01:00:00,06002U,Khartoum,15.5006,32.56,113.72460425252953,29.704663643308546
2024-05-01 06:00:00,06002U,Cape Town,-33.9253,18.4239,307.0324670826526,10.332850546223833
2024-05-01 06:00:00,06002U,Durban,-29.8833,31.05,265.98706909721847,10.41892617950796
2024-05-01 08:00:00,06002U,Lagos,6.455,3.3841,253.84666247061554,11.338542626494256
2024-05-01 08:00:00,06002U,Kinshasa,-4.325,15.3222,199.32016567798362,10.611551595396882
2024-05-01 08:00:00,06002U,Luanda,-8.8383,13.2344,184.95155017726947,15.704278922935371
2024-05-01 08:00:00,06002U,Douala,4.05,9.7,232.38038908467715,10.211600348413812
2024-05-01 08:00:00,06002U,Abidjan,5.3167,-4.0333,278.7976478058941,14.116385584864773
2024-05-01 08:00:00,06002U,Accra,5.55,-0.2,265.1292153873649,13.933184270853872
2024-05-01 08:00:00,06002U,Port Harcourt,4.8242,7.0336,240.8289151805542,11.492651394361099
2024-05-01 08:00:00,06002U,Brazzaville,-4.2694,15.2714,199.54633538526886,10.65754671959274
2024-05-01 08:00:00,06002U,Libreville,0.3903,9.4542,224.2966792100271,14.997869051124612
2024-05-01 08:00:00,06002U,Cotonou,6.3667,2.4333,256.7436270254065,11.860559682600346
2024-05-01 10:00:00,06002U,Dakar,14.6928,-17.4467,132.42785046346438,11.052581209402392
2024-05-01 17:00:00,06002U,Abidjan,5.3167,-4.0333,195.77270353586513,24.6342663427056
2024-05-01 17:00:00,06002U,Ouagadougou,12.3686,-1.5275,216.29368882461023,13.170111982382062
2024-05-01 17:00:00,06002U,Accra,5.55,-0.2,192.75944824268765,16.144205327501176
2024-05-01 17:00:00,06002U,Bamako,12.6458,-7.9922,234.53621754390502,21.97364169418428
2024-05-01 17:00:00,06002U,Conakry,9.5092,-13.7122,257.9753556810579,39.054811119231694
2024-05-01 17:00:00,06002U,Dakar,14.6928,-17.4467,278.98517696200236,22.533019439640533
2024-05-01 17:00:00,06002U,Monrovia,6.3133,-10.8014,223.16341778918024,45.65295084050727
2024-05-01 17:00:00,06002U,Cotonou,6.3667,2.4333,193.45302455232618,11.426159302177869
2024-05-01 17:00:00,06002U,Serekunda,13.4333,-16.6667,276.4076477258762,25.970560997039858
2024-05-01 19:00:00,06002U,Cairo,30.0444,31.2358,153.13882489117378,19.20087885806511
2024-05-01 19:00:00,06002U,Tunis,36.8064,10.1817,356.86820709499045,30.283582182875943
2024-05-02 00:00:00,06002U,Johannesburg,-26.2044,28.0456,237.25455873825194,17.557349230245126
2024-05-02 00:00:00,06002U,Maputo,-25.9667,32.5833,225.03508455176086,12.026169469771002
2024-05-02 00:00:00,06002U,Maseru,-29.31,27.48,230.60503751659576,23.559851413277503
2024-05-02 00:00:00,06002U,Cape Town,-33.9253,18.4239,289.68665589968685,51.34801827250887
2024-05-02 00:00:00,06002U,Windhoek,-22.57,17.0836,283.10532906911664,14.51294179853637
2024-05-02 00:00:00,06002U,Gaborone,-24.6581,25.9122,248.06350347228894,17.048936187697617
2024-05-02 00:00:00,06002U,Durban,-29.8833,31.05,217.46800520468122,18.251565863182858
2024-05-01 01:00:00,06003U,Cairo,30.0444,31.2358,234.26117950961742,55.87183016343726
2024-05-01 01:00:00,06003U,Khartoum,15.5006,32.56,108.06067968790943,26.017034620426607
2024-05-01 06:00:00,06003U,Maseru,-29.31,27.48,277.66460781295945,13.617660712285112
2024-05-01 06:00:00,06003U,Cape Town,-33.9253,18.4239,312.51725861553103,13.664232227233496
2024-05-01 06:00:00,06003U,Durban,-29.8833,31.05,264.3212672898145,14.642163979703836
2024-05-01 08:00:00,06003U,Lagos,6.455,3.3841,250.19743236354648,16.914829161614964
2024-05-01 08:00:00,06003U,Kinshasa,-4.325,15.3222,189.07056935637985,12.031688358466344
2024-05-01 08:00:00,06003U,Luanda,-8.8383,13.2344,172.62866587606953,15.854002185939818
2024-05-01 08:00:00,06003U,Douala,4.05,9.7,225.06805060875308,14.287657257632342
2024-05-01 08:00:00,06003U,Abidjan,5.3167,-4.0333,281.13463859318995,20.752491695804203
2024-05-01 08:00:00,06003U,Yaoundé,3.8667,11.5167,220.37499218958135,12.214984274720665
2024-05-01 08:00:00,06003U,Accra,5.55,-0.2,263.90409291223546,20.597009568728158
2024-05-01 08:00:00,06003U,Port Harcourt,4.8242,7.0336,234.53993234112883,16.41756595088208
2024-05-01 08:00:00,06003U,Brazzaville,-4.2694,15.2714,189.28561141350534,12.09919998566011
2024-05-01 08:00:00,06003U,Monrovia,6.3133,-10.8014,304.0642435707837,13.520116812523058
2024-05-01 08:00:00,06003U,Libreville,0.3903,9.4542,214.2231338245962,19.277040209028293
2024-05-01 08:00:00,06003U,Cotonou,6.3667,2.4333,253.6656552773293,17.687062968639527
2024-05-01 17:00:00,06003U,Lagos,6.455,3.3841,178.06195030692996,11.61050981305837
2024-05-01 17:00:00,06003U,Abidjan,5.3167,-4.0333,170.58061629906524,27.281841188699666
2024-05-01 17:00:00,06003U,Ouagadougou,12.3686,-1.5275,202.13693145018183,18.692155741494236
2024-05-01 17:00:00,06003U,Accra,5.55,-0.2,173.9924696913287,17.929187930153184
2024-05-01 17:00:00,06003U,Bamako,12.6458,-7.9922,220.51703625914763,34.21762284355849
2024-05-01 17:00:00,06003U,Conakry,9.5092,-13.7122,255.25757022022685,68.45377518205373
2024-05-01 17:00:00,06003U,Dakar,14.6928,-17.4467,291.82420626736064,35.71875068858671
2024-05-01 17:00:00,06003U,Monrovia,6.3133,-10.8014,168.3354263117396,59.81350626295245
2024-05-01 17:00:00,06003U,Cotonou,6.3667,2.4333,177.65754111446623,13.152454238159574
2024-05-01 17:00:00,06003U,Serekunda,13.4333,-16.6667,289.8690005530533,41.947553986043914
2024-05-01 19:00:00,06003U,Cairo,30.0444,31.2358,131.9551085563739,14.526251971345214
2024-05-01 19:00:00,06003U,Tunis,36.8064,10.1817,25.651452337189532,22.774253848746003
2024-05-02 00:00:00,06003U,Johannesburg,-26.2044,28.0456,218.0722545054145,33.398490568877236
2024-05-02 00:00:00,06003U,Lusaka,-15.4167,28.2833,248.95650496166436,12.939253021181615
2024-05-02 00:00:00,06003U,Harare,-17.8292,31.0522,235.66777764640904,13.944847220134543
2024-05-02 00:00:00,06003U,Maputo,-25.9667,32.5833,205.71495329643727,21.1089936654163
2024-05-02 00:00:00,06003U,Maseru,-29.31,27.48,199.5955714235796,41.630306834020516
2024-05-02 00:00:00,06003U,Cape Town,-33.9253,18.4239,35.24454147315835,56.56778510627727
2024-05-02 00:00:00,06003U,Windhoek,-22.57,17.0836,298.9993433674401,28.148541479536917
2024-05-02 00:00:00,06003U,Gaborone,-24.6581,25.9122,236.87788162250175,35.12033695434004
2024-05-02 00:00:00,06003U,Durban,-29.8833,31.05,189.42037168307206,28.079453135952587
2024-05-01 04:00:00,07001U,Johannesburg,-26.2044,28.0456,276.08206381580817,26.662580209154186
2024-05-01 04:00:00,07001U,Harare,-17.8292,31.0522,266.5226636336267,10.5306936658216
2024-05-01 04:00:00,07001U,Maputo,-25.9667,32.5833,250.03022291193713,24.29305140052606
2024-05-01 04:00:00,07001U,Maseru,-29.31,27.48,281.5448589214808,36.93637285954078
2024-05-01 04:00:00,07001U,Cape Town,-33.9253,18.4239,345.83847029147717,23.259689247517024
2024-05-01 04:00:00,07001U,Gaborone,-24.6581,25.9122,286.7818398276773,21.514829709559468
2024-05-01 04:00:00,07001U,Durban,-29.8833,31.05,249.99234460539952,38.114446964004124
2024-05-01 06:00:00,07001U,Lagos,6.455,3.3841,50.186948676637286,12.507407375052667
2024-05-01 06:00:00,07001U,Douala,4.05,9.7,75.54987071701177,13.876547744124903
2024-05-01 06:00:00,07001U,Abuja,9.0667,7.4833,58.2650780863621,22.266269654847058
2024-05-01 06:00:00,07001U,Ouagadougou,12.3686,-1.5275,22.06210403730219,11.689396132263507
2024-05-01 06:00:00,07001U,Yaoundé,3.8667,11.5167,82.62822812726552,14.186821996639525
2024-05-01 06:00:00,07001U,Port Harcourt,4.8242,7.0336,64.9521355531282,13.54915652537278
2024-05-01 06:00:00,07001U,Cotonou,6.3667,2.4333,47.81157283955464,11.344104414311825
2024-05-01 11:00:00,07001U,Cape Town,-33.9253,18.4239,207.66466311730355,10.754268001785226
2024-05-01 13:00:00,07001U,Conakry,9.5092,-13.7122,197.90016481829176,13.275466055995885
2024-05-01 13:00:00,07001U,Dakar,14.6928,-17.4467,219.64881402684293,14.870124120310532
2024-05-01 13:00:00,07001U,Serekunda,13.4333,-16.6667,214.50762587818767,15.070360394893193
2024-05-01 20:00:00,07001U,Lagos,6.455,3.3841,222.8765157397788,21.355200980611578
2024-05-01 20:00:00,07001U,Douala,4.05,9.7,200.8017931482186,12.80317748807789
2024-05-01 20:00:00,07001U,Abidjan,5.3167,-4.0333,259.23945425088664,37.610501497847295
2024-05-01 20:00:00,07001U,Abuja,9.0667,7.4833,220.1441333505592,11.768614198809594
2024-05-01 20:00:00,07001U,Ouagadougou,12.3686,-1.5275,254.5275145672298,15.616402729323957
2024-05-01 20:00:00,07001U,Yaoundé,3.8667,11.5167,198.20201953396412,10.152130640605673
2024-05-01 20:00:00,07001U,Accra,5.55,-0.2,234.32642133230675,30.476649376725387
2024-05-01 20:00:00,07001U,Bamako,12.6458,-7.9922,279.8015963093533,15.701385105757586
2024-05-01 20:00:00,07001U,Port Harcourt,4.8242,7.0336,207.63811017223097,16.741319598243397
2024-05-01 20:00:00,07001U,Conakry,9.5092,-13.7122,306.3559668131285,16.935345186373457
2024-05-01 20:00:00,07001U,Monrovia,6.3133,-10.8014,304.3505328837815,27.806209036779798
2024-05-01 20:00:00,07001U,Libreville,0.3903,9.4542,187.6593556457893,14.824857744734599
2024-05-01 20:00:00,07001U,Cotonou,6.3667,2.4333,225.83062331995586,23.272779976703383
2024-05-01 22:00:00,07001U,Cairo,30.0444,31.2358,104.14431437265327,20.699410493437046
2024-05-01 05:00:00,07002U,Kinshasa,-4.325,15.3222,334.0718803185032,12.057723523487462
2024-05-01 05:00:00,07002U,Luanda,-8.8383,13.2344,349.02014567299267,11.095373273373525
2024-05-01 05:00:00,07002U,Johannesburg,-26.2044,28.0456,77.55236312725037,20.642155212277633
2024-05-01 05:00:00,07002U,Dar es Salaam,-6.8161,39.2803,208.57104887160548,25.229116175855136
2024-05-01 05:00:00,07002U,Nairobi,-1.2864,36.8172,237.2563760385362,21.958322155349922
2024-05-01 05:00:00,07002U,Lusaka,-15.4167,28.2833,55.48107505342057,62.02542203309272
2024-05-01 05:00:00,07002U,Harare,-17.8292,31.0522,101.74451784669026,50.13078658189234
2024-05-01 05:00:00,07002U,Blantyre,-15.7861,35.0058,150.28987746087373,44.084468506050825
2024-05-01 05:00:00,07002U,Brazzaville,-4.2694,15.2714,333.99817497090186,11.944132024300394
2024-05-01 05:00:00,07002U,Lubumbashi,-11.6647,27.4794,343.38128394575654,65.61872512489238
2024-05-01 05:00:00,07002U,Kampala,0.3136,32.5811,260.1374127369661,22.77546190704339
2024-05-01 05:00:00,07002U,Mombasa,-4.05,39.6667,218.31879736287007,21.191872899156458
2024-05-01 05:00:00,07002U,Maputo,-25.9667,32.5833,99.13500891675926,21.48281315584906
2024-05-01 05:00:00,07002U,Kigali,-1.9536,30.0606,272.1729445474025,29.115375012957823
2024-05-01 05:00:00,07002U,Bujumbura,-3.3833,29.3667,276.6798872860464,33.482591103494
2024-05-01 05:00:00,07002U,Maseru,-29.31,27.48,76.40107913399672,14.715576644156087
2024-05-01 05:00:00,07002U,Windhoek,-22.57,17.0836,33.76769570095496,13.144431319531568
2024-05-01 05:00:00,07002U,Gaborone,-24.6581,25.9122,66.5117886627648,22.287710239361708
2024-05-01 05:00:00,07002U,Mwanza,-2.5167,32.9,253.88202865117054,29.578546818971617
2024-05-01 05:00:00,07002U,Durban,-29.8833,31.05,89.59574974729486,14.599231961269815
2024-05-01 05:00:00,07002U,Arusha,-3.3667,36.6833,231.51447709162258,25.930921292751126
2024-05-01 05:00:00,07002U,Goma,-1.6794,29.2336,277.20017154879326,28.09713923346098
2024-05-01 05:00:00,07002U,Zanzibar,-6.165,39.199,211.56565379138917,24.700958682897117
2024-05-01 07:00:00,07002U,Tunis,36.8064,10.1817,230.01246678386232,33.956072091879825
2024-05-01 12:00:00,07002U,Cape Town,-33.9253,18.4239,216.83185132704423,10.795304031925237
2024-05-01 23:00:00,07002U,Lagos,6.455,3.3841,335.45529779289944,21.51390790214042
2024-05-01 23:00:00,07002U,Kinshasa,-4.325,15.3222,97.47507907938184,47.06382593620445
2024-05-01 23:00:00,07002U,Luanda,-8.8383,13.2344,81.23251108057504,28.08414908641123
2024-05-01 23:00:00,07002U,Douala,4.05,9.7,330.5852060800431,46.44097094344736
2024-05-01 23:00:00,07002U,Abuja,9.0667,7.4833,313.1061329067333,26.44529054720629
2024-05-01 23:00:00,07002U,Yaoundé,3.8667,11.5167,319.91950930072926,56.457659576572766
2024-05-01 23:00:00,07002U,Accra,5.55,-0.2,343.959312083105,15.056083583057344
2024-05-01 23:00:00,07002U,Port Harcourt,4.8242,7.0336,335.07174261841504,33.73844150509217
2024-05-01 23:00:00,07002U,Brazzaville,-4.2694,15.2714,97.03156244881309,47.40528437196788
2024-05-01 23:00:00,07002U,Lubumbashi,-11.6647,27.4794,134.36738051169132,11.098088008392882
2024-05-01 23:00:00,07002U,Kampala,0.3136,32.5811,177.08904339028584,10.51301054773965
2024-05-01 23:00:00,07002U,Kigali,-1.9536,30.0606,168.51463429317553,14.228980793038854
2024-05-01 23:00:00,07002U,Bujumbura,-3.3833,29.3667,162.86053418621213,14.888999852068075
2024-05-01 23:00:00,07002U,Libreville,0.3903,9.4542,9.255036175457827,48.843845067212385
2024-05-01 23:00:00,07002U,Cotonou,6.3667,2.4333,337.4927683554685,19.5625364230036
2024-05-01 23:00:00,07002U,Goma,-1.6794,29.2336,168.91602305609786,15.811079441250104
2024-05-01 05:00:00,07003U,Kinshasa,-4.325,15.3222,352.33023054129893,15.080232190696709
2024-05-01 05:00:00,07003U,Luanda,-8.8383,13.2344,6.89067042795038,11.469602826606236
2024-05-01 05:00:00,07003U,Johannesburg,-26.2044,28.0456,79.10321068033458,10.645960391435022
2024-05-01 05:00:00,07003U,Dar es Salaam,-6.8161,39.2803,178.6150610205671,28.357382427865783
2024-05-01 05:00:00,07003U,Nairobi,-1.2864,36.8172,214.10477003491525,32.56578244164597
2024-05-01 05:00:00,07003U,Mogadishu,2.0392,45.3419,206.64082214156542,11.368799817080262
2024-05-01 05:00:00,07003U,Lusaka,-15.4167,28.2833,76.05378327796649,33.58729575547008
2024-05-01 05:00:00,07003U,Harare,-17.8292,31.0522,93.78963515925037,26.950109303170983
2024-05-01 05:00:00,07003U,Blantyre,-15.7861,35.0058,120.53862616270608,28.52514217288206
2024-05-01 05:00:00,07003U,Brazzaville,-4.2694,15.2714,352.1681839985275,14.971827952814188
2024-05-01 05:00:00,07003U,Lubumbashi,-11.6647,27.4794,60.42496098563592,47.5219612978583
2024-05-01 05:00:00,07003U,Kampala,0.3136,32.5811,247.45266770264794,40.09618239638053
2024-05-01 05:00:00,07003U,Mombasa,-4.05,39.6667,192.69632531853907,26.44818445005909
2024-05-01 05:00:00,07003U,Maputo,-25.9667,32.5833,93.95413990600846,11.408096375163677
2024-05-01 05:00:00,07003U,Kigali,-1.9536,30.0606,268.99590809982936,54.74569958737641
2024-05-01 05:00:00,07003U,Bujumbura,-3.3833,29.3667,281.87121398706574,63.79974398149193
2024-05-01 05:00:00,07003U,Gaborone,-24.6581,25.9122,71.88047305893546,11.92631812229867
2024-05-01 05:00:00,07003U,Mwanza,-2.5167,32.9,230.26344421969338,50.891120269748605
2024-05-01 05:00:00,07003U,Arusha,-3.3667,36.6833,202.4643837988064,36.328110177235416
2024-05-01 05:00:00,07003U,Goma,-1.6794,29.2336,280.21489196072565,52.62818454305567
2024-05-01 05:00:00,07003U,Zanzibar,-6.165,39.199,182.11196811329538,28.617112423619716
2024-05-01 07:00:00,07003U,Tunis,36.8064,10.1817,185.4206018790793,40.72189770759218
2024-05-01 12:00:00,07003U,Cape Town,-33.9253,18.4239,193.57817532498635,12.52095524407528
2024-05-01 14:00:00,07003U,Conakry,9.5092,-13.7122,208.24935674906473,14.098034644978487
2024-05-01 14:00:00,07003U,Dakar,14.6928,-17.4467,228.06929839405933,13.816851271995802
2024-05-01 14:00:00,07003U,Monrovia,6.3133,-10.8014,195.96402323840908,11.576877052772192
2024-05-01 14:00:00,07003U,Serekunda,13.4333,-16.6667,223.68665463618206,14.380710703309735
2024-05-01 23:00:00,07003U,Lagos,6.455,3.3841,15.83684967245454,15.702723156196495
2024-05-01 23:00:00,07003U,Kinshasa,-4.325,15.3222,79.29953242554923,16.014832932879322
2024-05-01 23:00:00,07003U,Khartoum,15.5006,32.56,197.63032502374557,13.843745060653786
2024-05-01 23:00:00,07003U,Douala,4.05,9.7,38.6147584210026,26.834520018344012
2024-05-01 23:00:00,07003U,Abuja,9.0667,7.4833,8.358298839831647,26.689482077399283
2024-05-01 23:00:00,07003U,Yaoundé,3.8667,11.5167,46.75998903629172,30.844889753011252
2024-05-01 23:00:00,07003U,Port Harcourt,4.8242,7.0336,27.873535458264566,21.815000951248035
2024-05-01 23:00:00,07003U,Brazzaville,-4.2694,15.2714,79.08264708117699,16.099251631211576
2024-05-01 23:00:00,07003U,Kampala,0.3136,32.5811,145.81831281762913,10.528849511079356
2024-05-01 23:00:00,07003U,Kigali,-1.9536,30.0606,134.6819547598045,11.624677546170382
2024-05-01 23:00:00,07003U,Bujumbura,-3.3833,29.3667,129.61674272053418,10.90294990898054
2024-05-01 23:00:00,07003U,Libreville,0.3903,9.4542,50.004622922525265,19.655280726453324
2024-05-01 23:00:00,07003U,Cotonou,6.3667,2.4333,15.209413983500951,13.966859167258775
2024-05-01 23:00:00,07003U,Goma,-1.6794,29.2336,133.3849652604233,12.85527771985797
2024-05-01 03:00:00,08001U,Kinshasa,-4.325,15.3222,296.6505813198249,20.174415839313475
2024-05-01 03:00:00,08001U,Luanda,-8.8383,13.2344,318.37513960613734,26.3760725198467
2024-05-01 03:00:00,08001U,Johannesburg,-26.2044,28.0456,126.13474703030629,19.237195422420182
2024-05-01 03:00:00,08001U,Lusaka,-15.4167,28.2833,181.58050258101198,32.609195396058794
2024-05-01 03:00:00,08001U,Harare,-17.8292,31.0522,169.02963777582445,22.92444435687455
2024-05-01 03:00:00,08001U,Blantyre,-15.7861,35.0058,179.48397068780744,14.455570072011364
2024-05-01 03:00:00,08001U,Brazzaville,-4.2694,15.2714,296.76479198485333,20.004135455386805
2024-05-01 03:00:00,08001U,Lubumbashi,-11.6647,27.4794,208.07828575602701,32.30399502619096
2024-05-01 03:00:00,08001U,Maputo,-25.9667,32.5833,140.31381448794605,13.232085866983951
2024-05-01 03:00:00,08001U,Kigali,-1.9536,30.0606,235.22021838238538,12.493248123546293
2024-05-01 03:00:00,08001U,Bujumbura,-3.3833,29.3667,233.92382701422918,15.048876097260422
2024-05-01 03:00:00,08001U,Maseru,-29.31,27.48,116.59884258699375,14.911813029323566
2024-05-01 03:00:00,08001U,Windhoek,-22.57,17.0836,62.398247748852164,34.902845106967604
2024-05-01 03:00:00,08001U,Gaborone,-24.6581,25.9122,121.78816542432818,25.4146806549432
2024-05-01 03:00:00,08001U,Mwanza,-2.5167,32.9,226.42963435479678,10.19298657249895
2024-05-01 03:00:00,08001U,Durban,-29.8833,31.05,126.33492463349903,10.924062502836017
2024-05-01 03:00:00,08001U,Goma,-1.6794,29.2336,238.30054502862401,12.929427947515576
2024-05-01 05:00:00,08001U,Cairo,30.0444,31.2358,120.14489759606649,18.195865010225436
2024-05-01 05:00:00,08001U,Tunis,36.8064,10.1817,17.382309631912264,12.696193956292555
2024-05-01 10:00:00,08001U,Kinshasa,-4.325,15.3222,283.08183065072916,20.28903713838185
2024-05-01 10:00:00,08001U,Luanda,-8.8383,13.2344,303.2849510485259,30.33753511559429
2024-05-01 10:00:00,08001U,Johannesburg,-26.2044,28.0456,135.54622918119557,14.396781423988738
2024-05-01 10:00:00,08001U,Lusaka,-15.4167,28.2833,182.63863820864995,22.10373963889055
2024-05-01 10:00:00,08001U,Harare,-17.8292,31.0522,172.21651034311208,15.454513584372755
2024-05-01 10:00:00,08001U,Brazzaville,-4.2694,15.2714,283.2799967346846,20.130232891439274
2024-05-01 10:00:00,08001U,Lubumbashi,-11.6647,27.4794,202.67420875595377,22.25488386710883
2024-05-01 10:00:00,08001U,Bujumbura,-3.3833,29.3667,227.17562968480698,10.353336135675926
2024-05-01 10:00:00,08001U,Maseru,-29.31,27.48,125.76333721804191,11.354906271142793
2024-05-01 10:00:00,08001U,Windhoek,-22.57,17.0836,84.44438840414456,37.88142543316973
2024-05-01 10:00:00,08001U,Gaborone,-24.6581,25.9122,133.87748565938827,19.716877337227835
2024-05-01 12:00:00,08001U,Conakry,9.5092,-13.7122,114.098518117367,10.886061146268034
2024-05-01 12:00:00,08001U,Dakar,14.6928,-17.4467,105.20671845692947,23.290045398199492
2024-05-01 12:00:00,08001U,Serekunda,13.4333,-16.6667,107.592659440108,19.757879974535324
2024-05-01 19:00:00,08001U,Bamako,12.6458,-7.9922,134.4108626919325,14.002500845951136
2024-05-01 19:00:00,08001U,Conakry,9.5092,-13.7122,110.91797481168454,14.908047014942708
2024-05-01 19:00:00,08001U,Dakar,14.6928,-17.4467,98.55888640594745,29.545673598632238
2024-05-01 19:00:00,08001U,Serekunda,13.4333,-16.6667,102.11957100104847,25.339997313886435
2024-05-01 02:00:00,08002U,Luanda,-8.8383,13.2344,232.60916011827294,17.496775638669245
2024-05-01 02:00:00,08002U,Windhoek,-22.57,17.0836,168.67333019396665,20.28008096303628
2024-05-01 04:00:00,08002U,Cairo,30.0444,31.2358,260.37512478371906,38.83558462120779
2024-05-01 04:00:00,08002U,Khartoum,15.5006,32.56,112.76604796393411,40.39485828257792
2024-05-01 04:00:00,08002U,Djibouti,11.5883,43.145,143.44375119103722,13.248372396636944
2024-05-01 11:00:00,08002U,Lagos,6.455,3.3841,304.73018003028045,16.46549949744416
2024-05-01 11:00:00,08002U,Kinshasa,-4.325,15.3222,194.17604510315178,54.55928482334519
2024-05-01 11:00:00,08002U,Luanda,-8.8383,13.2344,118.38191274746838,55.804919415069485
2024-05-01 11:00:00,08002U,Douala,4.05,9.7,280.900032659329,28.639472265765814
2024-05-01 11:00:00,08002U,Abuja,9.0667,7.4833,286.2315071857778,15.299037578361935
2024-05-01 11:00:00,08002U,Yaoundé,3.8667,11.5167,269.8536422952646,29.828433418312102
2024-05-01 11:00:00,08002U,Accra,5.55,-0.2,317.03767375387446,13.360171281966768
2024-05-01 11:00:00,08002U,Port Harcourt,4.8242,7.0336,293.8973760416192,23.995089332631867
2024-05-01 11:00:00,08002U,Brazzaville,-4.2694,15.2714,195.10267043518314,54.80619093277826
2024-05-01 11:00:00,08002U,Lubumbashi,-11.6647,27.4794,158.46775324269464,11.132080654413757
2024-05-01 11:00:00,08002U,Libreville,0.3903,9.4542,288.9717852102432,43.12001544947371
2024-05-01 11:00:00,08002U,Cotonou,6.3667,2.4333,307.90338730669606,15.505253534391061
2024-05-01 11:00:00,08002U,Windhoek,-22.57,17.0836,106.57909973376346,10.346708670866208
2024-05-01 13:00:00,08002U,Dakar,14.6928,-17.4467,112.24438537428388,15.746144767375336
2024-05-01 13:00:00,08002U,Serekunda,13.4333,-16.6667,113.47833260574055,13.225001208273092
2024-05-01 20:00:00,08002U,Bamako,12.6458,-7.9922,203.8173337826191,10.815241924649321
2024-05-01 20:00:00,08002U,Conakry,9.5092,-13.7122,202.14242532565586,23.391125632597245
2024-05-01 20:00:00,08002U,Dakar,14.6928,-17.4467,230.31474145668747,23.51604314010649
2024-05-01 20:00:00,08002U,Monrovia,6.3133,-10.8014,186.63285307880574,18.638439290007497
2024-05-01 20:00:00,08002U,Serekunda,13.4333,-16.6667,224.05262996420248,24.44418948928757
2024-05-01 22:00:00,08002U,Tunis,36.8064,10.1817,127.09899135792,55.61307916604446
2024-05-01 02:00:00,08003U,Kinshasa,-4.325,15.3222,224.24475257980282,23.872369325132816
2024-05-01 02:00:00,08003U,Luanda,-8.8383,13.2344,208.65401158797962,39.22795224381556
2024-05-01 02:00:00,08003U,Douala,4.05,9.7,262.32990708649703,13.063185684154245
2024-05-01 02:00:00,08003U,Yaoundé,3.8667,11.5167,256.1079676329507,12.788146509481445
2024-05-01 02:00:00,08003U,Port Harcourt,4.8242,7.0336,271.5121830443758,12.022436106186554
2024-05-01 02:00:00,08003U,Brazzaville,-4.2694,15.2714,224.63302704108148,23.868514498011944
2024-05-01 02:00:00,08003U,Libreville,0.3903,9.4542,260.5725644346828,20.23080668356567
2024-05-01 02:00:00,08003U,Windhoek,-22.57,17.0836,132.8193817881294,16.827857014319218
2024-05-01 04:00:00,08003U,Cairo,30.0444,31.2358,111.4633125986471,66.92640647206025
2024-05-01 04:00:00,08003U,Khartoum,15.5006,32.56,94.11299467688848,14.809105363043233
2024-05-01 09:00:00,08003U,Johannesburg,-26.2044,28.0456,283.80492016868476,19.377440916118054
2024-05-01 09:00:00,08003U,Maputo,-25.9667,32.5833,263.49986566385854,19.57259661134732
2024-05-01 09:00:00,08003U,Maseru,-29.31,27.48,288.9061864869992,25.890474017354663
2024-05-01 09:00:00,08003U,Cape Town,-33.9253,18.4239,334.7969516863127,17.957501784016888
2024-05-01 09:00:00,08003U,Gaborone,-24.6581,25.9122,291.18161997055944,15.286898488660261
2024-05-01 09:00:00,08003U,Durban,-29.8833,31.05,268.1551229844863,29.230877721512755
2024-05-01 11:00:00,08003U,Lagos,6.455,3.3841,337.9492636742415,51.818977365319
2024-05-01 11:00:00,08003U,Kinshasa,-4.325,15.3222,129.77631812770255,22.286901315769345
2024-05-01 11:00:00,08003U,Luanda,-8.8383,13.2344,111.33309224176801,16.168703738409842
2024-05-01 11:00:00,08003U,Douala,4.05,9.7,161.82776066701913,69.8869278988459
2024-05-01 11:00:00,08003U,Abidjan,5.3167,-4.0333,357.11971336992667,22.552237470913205
2024-05-01 11:00:00,08003U,Abuja,9.0667,7.4833,272.17623119676455,53.49191317177925
2024-05-01 11:00:00,08003U,Ouagadougou,12.3686,-1.5275,320.16661338850713,21.896691242787444
2024-05-01 11:00:00,08003U,Yaoundé,3.8667,11.5167,167.47898739718266,55.8100386914617
2024-05-01 11:00:00,08003U,Accra,5.55,-0.2,354.0350357811759,34.84113259476737
2024-05-01 11:00:00,08003U,Bamako,12.6458,-7.9922,332.8685572978761,10.976802443137847
2024-05-01 11:00:00,08003U,Port Harcourt,4.8242,7.0336,351.2236231699429,84.29036520565846
2024-05-01 11:00:00,08003U,Brazzaville,-4.2694,15.2714,129.76915199640783,22.475216173848185
2024-05-01 11:00:00,08003U,Libreville,0.3903,9.4542,112.60649193976472,51.10903296063517
2024-05-01 11:00:00,08003U,Cotonou,6.3667,2.4333,342.5607571138592,46.56119564909314
2024-05-01 20:00:00,08003U,Bamako,12.6458,-7.9922,161.63914898130346,17.54408798411762
2024-05-01 20:00:00,08003U,Conakry,9.5092,-13.7122,137.53909654345358,25.73041132409695
2024-05-01 20:00:00,08003U,Dakar,14.6928,-17.4467,148.71990706522033,50.64299987389915
2024-05-01 20:00:00,08003U,Monrovia,6.3133,-10.8014,136.82736558664067,15.950736338840539
2024-05-01 20:00:00,08003U,Serekunda,13.4333,-16.6667,143.40367764441575,43.416530584325514
2024-05-01 22:00:00,08003U,Tunis,36.8064,10.1817,79.31756911753735,13.985900917763999
2024-05-01 02:00:00,09001U,Lagos,6.455,3.3841,0.48038722183189964,67.18779838861815
2024-05-01 02:00:00,09001U,Kinshasa,-4.325,15.3222,130.6876320274688,15.58972678060358
2024-05-01 02:00:00,09001U,Luanda,-8.8383,13.2344,114.72936444993086,11.06402175715975
2024-05-01 02:00:00,09001U,Douala,4.05,9.7,148.21372844226318,50.269695339979336
2024-05-01 02:00:00,09001U,Abidjan,5.3167,-4.0333,6.775796797475849,26.4067885331564
2024-05-01 02:00:00,09001U,Abuja,9.0667,7.4833,236.7139866343109,61.20590918087689
2024-05-01 02:00:00,09001U,Ouagadougou,12.3686,-1.5275,321.0017990962235,27.92775234428612
2024-05-01 02:00:00,09001U,Yaoundé,3.8667,11.5167,155.48617398281772,40.55126565757328
2024-05-01 02:00:00,09001U,Accra,5.55,-0.2,8.82691635072414,41.87835387102849
2024-05-01 02:00:00,09001U,Bamako,12.6458,-7.9922,335.59513072429553,14.120474141872544
2024-05-01 02:00:00,09001U,Port Harcourt,4.8242,7.0336,127.28004110250481,69.95366658072845
2024-05-01 02:00:00,09001U,Brazzaville,-4.2694,15.2714,130.6891231976025,15.733763292450526
2024-05-01 02:00:00,09001U,Monrovia,6.3133,-10.8014,0.5673694771535861,11.57266536375474
2024-05-01 02:00:00,09001U,Libreville,0.3903,9.4542,120.81536707631662,36.77802044016074
2024-05-01 02:00:00,09001U,Cotonou,6.3667,2.4333,1.8602411272017092,59.3272095233307
2024-05-01 09:00:00,09001U,Kinshasa,-4.325,15.3222,24.176462753011954,14.627020321549763
2024-05-01 09:00:00,09001U,Dar es Salaam,-6.8161,39.2803,143.7448618189565,15.821426507407956
2024-05-01 09:00:00,09001U,Khartoum,15.5006,32.56,252.28929751366184,18.03921477236052
2024-05-01 09:00:00,09001U,Nairobi,-1.2864,36.8172,160.78788867632355,26.684651609991906
2024-05-01 09:00:00,09001U,Lusaka,-15.4167,28.2833,86.6437973656447,12.055369686781177
2024-05-01 09:00:00,09001U,Yaoundé,3.8667,11.5167,354.5883092135727,10.2515407439985
2024-05-01 09:00:00,09001U,Brazzaville,-4.2694,15.2714,23.912706514981235,14.580335709091399
2024-05-01 09:00:00,09001U,Lubumbashi,-11.6647,27.4794,84.06816128948947,18.419779035800147
2024-05-01 09:00:00,09001U,Kampala,0.3136,32.5811,160.37819396195243,47.171077797199565
2024-05-01 09:00:00,09001U,Mombasa,-4.05,39.6667,154.28874179148116,17.444047986645057
2024-05-01 09:00:00,09001U,Kigali,-1.9536,30.0606,118.16436623654135,51.81404909812168
2024-05-01 09:00:00,09001U,Bujumbura,-3.3833,29.3667,103.71342510935234,45.666002935088514
2024-05-01 09:00:00,09001U,Mwanza,-2.5167,32.9,139.09027146028717,38.60824285012145
2024-05-01 09:00:00,09001U,Arusha,-3.3667,36.6833,150.10368288960106,24.87292584384924
2024-05-01 09:00:00,09001U,Goma,-1.6794,29.2336,108.33872192039857,55.913519096923935
2024-05-01 09:00:00,09001U,Zanzibar,-6.165,39.199,145.70981844194765,16.558473430585696
2024-05-01 01:00:00,09002U,Lagos,6.455,3.3841,124.51269089049482,20.045881703126863
2024-05-01 01:00:00,09002U,Abidjan,5.3167,-4.0333,90.7427771686698,22.942862969779917
2024-05-01 01:00:00,09002U,Abuja,9.0667,7.4833,144.4021123555116,17.840665391681142
2024-05-01 01:00:00,09002U,Ouagadougou,12.3686,-1.5275,117.79017105066357,47.36797925166174
2024-05-01 01:00:00,09002U,Accra,5.55,-0.2,108.50402749718063,21.909902675240062
2024-05-01 01:00:00,09002U,Bamako,12.6458,-7.9922,50.051307734944366,44.70154826712916
2024-05-01 01:00:00,09002U,Port Harcourt,4.8242,7.0336,131.38534819597822,13.16540780952288
2024-05-01 01:00:00,09002U,Conakry,9.5092,-13.7122,39.339913503579496,22.093991637663066
2024-05-01 01:00:00,09002U,Dakar,14.6928,-17.4467,10.977623588753938,19.12828872814346
2024-05-01 01:00:00,09002U,Monrovia,6.3133,-10.8014,59.23741122450825,20.929452995483395
2024-05-01 01:00:00,09002U,Cotonou,6.3667,2.4333,120.82157259539751,21.057622803268416
2024-05-01 01:00:00,09002U,Serekunda,13.4333,-16.6667,17.09961132556815,20.159613414444053
2024-05-01 08:00:00,09002U,Luanda,-8.8383,13.2344,326.6160685508321,10.940284489193633
2024-05-01 08:00:00,09002U,Johannesburg,-26.2044,28.0456,93.9959779920804,42.84673640801588
2024-05-01 08:00:00,09002U,Dar es Salaam,-6.8161,39.2803,225.52307232135246,13.42358544533581
2024-05-01 08:00:00,09002U,Lusaka,-15.4167,28.2833,257.9620991840797,57.64792547570573
2024-05-01 08:00:00,09002U,Harare,-17.8292,31.0522,201.8933161661199,56.25317482648999
2024-05-01 08:00:00,09002U,Blantyre,-15.7861,35.0058,203.5709132670577,33.16597534745609
2024-05-01 08:00:00,09002U,Lubumbashi,-11.6647,27.4794,271.62410782148527,38.442209635972176
2024-05-01 08:00:00,09002U,Kampala,0.3136,32.5811,258.54794079249587,10.120821799351162
2024-05-01 08:00:00,09002U,Mombasa,-4.05,39.6667,231.06181031420425,10.403263049519618
2024-05-01 08:00:00,09002U,Maputo,-25.9667,32.5833,130.41631016159587,35.317028912782256
2024-05-01 08:00:00,09002U,Kigali,-1.9536,30.0606,264.7206878541715,13.861917985380135
2024-05-01 08:00:00,09002U,Bujumbura,-3.3833,29.3667,266.23368515813877,16.288628826422542
2024-05-01 08:00:00,09002U,Maseru,-29.31,27.48,87.85960469038355,30.877622956779216
2024-05-01 08:00:00,09002U,Cape Town,-33.9253,18.4239,53.3468494314212,12.936407151455843
2024-05-01 08:00:00,09002U,Windhoek,-22.57,17.0836,15.086475574236532,24.59295465696601
2024-05-01 08:00:00,09002U,Gaborone,-24.6581,25.9122,70.56167606161796,49.1669318259522
2024-05-01 08:00:00,09002U,Mwanza,-2.5167,32.9,254.11263546994002,13.775826608928135
2024-05-01 08:00:00,09002U,Durban,-29.8833,31.05,108.81555610206394,27.409522777054473
2024-05-01 08:00:00,09002U,Arusha,-3.3667,36.6833,240.51963641199754,12.371029771732903
2024-05-01 08:00:00,09002U,Goma,-1.6794,29.2336,267.8486975878239,13.536158626842093
2024-05-01 08:00:00,09002U,Zanzibar,-6.165,39.199,227.35880535450218,12.88961223676351
2024-05-01 10:00:00,09002U,Cairo,30.0444,31.2358,176.97655573230935,20.298290329266724
2024-05-01 10:00:00,09002U,Tunis,36.8064,10.1817,326.6084727455933,24.946847526631675
2024-05-01 15:00:00,09002U,Maseru,-29.31,27.48,239.0340767963889,12.150975123895668
2024-05-01 15:00:00,09002U,Cape Town,-33.9253,18.4239,270.5304235109505,27.570546277704132
2024-05-01 17:00:00,09002U,Conakry,9.5092,-13.7122,258.5619067535813,10.154054331458921
2024-05-01 17:00:00,09002U,Monrovia,6.3133,-10.8014,247.41070179606578,13.601772381184826
2024-05-01 01:00:00,09003U,Ouagadougou,12.3686,-1.5275,81.35037223205231,11.77380352145433
2024-05-01 01:00:00,09003U,Tunis,36.8064,10.1817,220.11654528273343,22.562225088784988
2024-05-01 08:00:00,09003U,Kinshasa,-4.325,15.3222,6.568978155791764,15.54521859624281
2024-05-01 08:00:00,09003U,Luanda,-8.8383,13.2344,18.858751089869042,10.369760125710895
2024-05-01 08:00:00,09003U,Dar es Salaam,-6.8161,39.2803,158.0646650823654,25.613702036269157
2024-05-01 08:00:00,09003U,Khartoum,15.5006,32.56,264.2390910991209,13.355623790006282
2024-05-01 08:00:00,09003U,Nairobi,-1.2864,36.8172,188.12682504562693,36.711210331273804
2024-05-01 08:00:00,09003U,Mogadishu,2.0392,45.3419,194.28770490129665,12.680436665628372
2024-05-01 08:00:00,09003U,Lusaka,-15.4167,28.2833,79.8143500574361,22.228710230317926
2024-05-01 08:00:00,09003U,Harare,-17.8292,31.0522,91.87117643964336,17.75732369004034
2024-05-01 08:00:00,09003U,Blantyre,-15.7861,35.0058,111.4477811994122,19.747422336635285
2024-05-01 08:00:00,09003U,Brazzaville,-4.2694,15.2714,6.354453480948748,15.459759430893953
2024-05-01 08:00:00,09003U,Lubumbashi,-11.6647,27.4794,72.57841915753163,31.701474621619134
2024-05-01 08:00:00,09003U,Kampala,0.3136,32.5811,220.17241707212304,56.66167763652791
2024-05-01 08:00:00,09003U,Mombasa,-4.05,39.6667,171.97854856968956,26.158155847485773
2024-05-01 08:00:00,09003U,Kigali,-1.9536,30.0606,229.84219298171314,84.43226165145721
2024-05-01 08:00:00,09003U,Bujumbura,-3.3833,29.3667,67.86410589881581,81.35559688229237
2024-05-01 08:00:00,09003U,Djibouti,11.5883,43.145,224.55048250864772,10.287614003551234
2024-05-01 08:00:00,09003U,Mwanza,-2.5167,32.9,178.93559230449006,60.698365982816576
2024-05-01 08:00:00,09003U,Arusha,-3.3667,36.6833,173.4426620960814,37.420828904688065
2024-05-01 08:00:00,09003U,Goma,-1.6794,29.2336,304.65069439992067,81.98449927782158
2024-05-01 08:00:00,09003U,Zanzibar,-6.165,39.199,160.9773435652299,26.37769402649967
2024-05-01 10:00:00,09003U,Tunis,36.8064,10.1817,69.3989125700339,28.551265966777045
2024-05-01 15:00:00,09003U,Johannesburg,-26.2044,28.0456,185.68310560331938,13.121225581974164
2024-05-01 15:00:00,09003U,Maseru,-29.31,27.48,174.45805792976768,14.122829038691547
2024-05-01 15:00:00,09003U,Cape Town,-33.9253,18.4239,136.26691244869883,31.303336226776587
2024-05-01 15:00:00,09003U,Windhoek,-22.57,17.0836,225.91323616706387,37.54027839969158
2024-05-01 15:00:00,09003U,Gaborone,-24.6581,25.9122,192.70535399417759,16.617517616340052
2024-05-01 17:00:00,09003U,Abidjan,5.3167,-4.0333,173.38151038561088,10.672481029162386
2024-05-01 17:00:00,09003U,Bamako,12.6458,-7.9922,198.4023595556916,16.21682593242659
2024-05-01 17:00:00,09003U,Conakry,9.5092,-13.7122,191.93386476386706,32.871973653303186
2024-05-01 17:00:00,09003U,Dakar,14.6928,-17.4467,232.984563958382,34.71311313763424
2024-05-01 17:00:00,09003U,Monrovia,6.3133,-10.8014,174.2162865708054,24.238202364479918
2024-05-01 17:00:00,09003U,Serekunda,13.4333,-16.6667,223.62210149991387,36.24623735423856
2024-05-01 01:00:00,10001U,Bamako,12.6458,-7.9922,99.89703751516113,11.177493294054463
2024-05-01 01:00:00,10001U,Dakar,14.6928,-17.4467,66.63865396968689,12.686198828130783
2024-05-01 01:00:00,10001U,Serekunda,13.4333,-16.6667,70.9296208493708,11.302300795465522
2024-05-01 08:00:00,10001U,Cairo,30.0444,31.2358,263.88781092583014,18.38101010242491
2024-05-01 08:00:00,10001U,Khartoum,15.5006,32.56,174.45449850565825,57.21104088533011
2024-05-01 08:00:00,10001U,Nairobi,-1.2864,36.8172,113.10030654241827,11.042623678354474
2024-05-01 08:00:00,10001U,Kampala,0.3136,32.5811,100.33677157313616,15.482398766834683
2024-05-01 08:00:00,10001U,Kigali,-1.9536,30.0606,88.97687893196132,12.30273576847113
2024-05-01 08:00:00,10001U,Bujumbura,-3.3833,29.3667,86.07146631373091,10.239593933158591
2024-05-01 08:00:00,10001U,Djibouti,11.5883,43.145,164.74413602316815,14.306196208135546
2024-05-01 08:00:00,10001U,Mwanza,-2.5167,32.9,98.51873139742833,11.194970784074373
2024-05-01 08:00:00,10001U,Goma,-1.6794,29.2336,86.09334617027037,12.650957872655406
2024-05-01 13:00:00,10001U,Johannesburg,-26.2044,28.0456,282.40009003795467,20.63595397156844
2024-05-01 13:00:00,10001U,Maputo,-25.9667,32.5833,259.98407088043973,20.352547484039192
2024-05-01 13:00:00,10001U,Maseru,-29.31,27.48,288.05270603460025,28.010875528952965
2024-05-01 13:00:00,10001U,Cape Town,-33.9253,18.4239,338.81405192544423,18.324118430140622
2024-05-01 13:00:00,10001U,Gaborone,-24.6581,25.9122,290.6281573998293,16.246817725070567
2024-05-01 13:00:00,10001U,Durban,-29.8833,31.05,264.0471481999393,31.278539899472484
2024-05-01 15:00:00,10001U,Lagos,6.455,3.3841,105.75908305521457,51.665496416524995
2024-05-01 15:00:00,10001U,Douala,4.05,9.7,139.08727741034136,24.972976421559554
2024-05-01 15:00:00,10001U,Abidjan,5.3167,-4.0333,39.26604389568778,30.704824185939657
2024-05-01 15:00:00,10001U,Abuja,9.0667,7.4833,165.4684010795597,43.50380948125796
2024-05-01 15:00:00,10001U,Ouagadougou,12.3686,-1.5275,332.5092392904499,50.76000051154698
2024-05-01 15:00:00,10001U,Yaoundé,3.8667,11.5167,144.3305661562661,20.709128756263773
2024-05-01 15:00:00,10001U,Accra,5.55,-0.2,63.33091452252495,43.09672517502473
2024-05-01 15:00:00,10001U,Bamako,12.6458,-7.9922,347.57425943081927,22.944521115428437
2024-05-01 15:00:00,10001U,Port Harcourt,4.8242,7.0336,130.2027487083761,33.71836670746212
2024-05-01 15:00:00,10001U,Conakry,9.5092,-13.7122,3.298555114512726,11.30229016657559
2024-05-01 15:00:00,10001U,Monrovia,6.3133,-10.8014,17.68285497957809,15.449572230659024
2024-05-01 15:00:00,10001U,Libreville,0.3903,9.4542,125.07020322517998,18.312167690423763
2024-05-01 15:00:00,10001U,Cotonou,6.3667,2.4333,92.44045537878354,52.117560226263834
2024-05-01 22:00:00,10001U,Dakar,14.6928,-17.4467,221.61954596366553,10.517166020468531
2024-05-01 22:00:00,10001U,Serekunda,13.4333,-16.6667,217.40413202563767,10.774329277998802
2024-05-01 07:00:00,10002U,Cairo,30.0444,31.2358,242.4431593067457,10.798620727756239
2024-05-01 07:00:00,10002U,Kinshasa,-4.325,15.3222,65.61743392973835,10.100981101606253
2024-05-01 07:00:00,10002U,Khartoum,15.5006,32.56,190.97793931026027,25.0063460447149
2024-05-01 07:00:00,10002U,Douala,4.05,9.7,34.90333607430664,14.808077587731352
2024-05-01 07:00:00,10002U,Abuja,9.0667,7.4833,15.392843759296479,15.013885044606756
2024-05-01 07:00:00,10002U,Yaoundé,3.8667,11.5167,39.665417912480294,17.415671451055992
2024-05-01 07:00:00,10002U,Port Harcourt,4.8242,7.0336,27.944734044712582,11.586278827735695
2024-05-01 07:00:00,10002U,Brazzaville,-4.2694,15.2714,65.42177296474985,10.142762099436277
2024-05-01 07:00:00,10002U,Kampala,0.3136,32.5811,129.13732819104263,13.960590808915924
2024-05-01 07:00:00,10002U,Kigali,-1.9536,30.0606,116.72436082245262,13.502464428200048
2024-05-01 07:00:00,10002U,Bujumbura,-3.3833,29.3667,112.10577770788136,12.074548856810818
2024-05-01 07:00:00,10002U,Libreville,0.3903,9.4542,43.312769442471115,10.642877307177779
2024-05-01 07:00:00,10002U,Mwanza,-2.5167,32.9,123.73181906435893,10.491910912549907
2024-05-01 07:00:00,10002U,Goma,-1.6794,29.2336,114.56830826020574,14.523104302584912
2024-05-01 14:00:00,10002U,Kinshasa,-4.325,15.3222,329.79643287263434,23.07381142055231
2024-05-01 14:00:00,10002U,Luanda,-8.8383,13.2344,352.68388419754467,21.58314978058658
2024-05-01 14:00:00,10002U,Johannesburg,-26.2044,28.0456,98.93976315413528,15.613491818987011
2024-05-01 14:00:00,10002U,Dar es Salaam,-6.8161,39.2803,193.2079716229586,15.142387253640342
2024-05-01 14:00:00,10002U,Nairobi,-1.2864,36.8172,216.06929297325865,15.959873704877253
2024-05-01 14:00:00,10002U,Lusaka,-15.4167,28.2833,126.17445045119115,44.84285935837142
2024-05-01 14:00:00,10002U,Harare,-17.8292,31.0522,131.52455028009604,29.81793922108714
2024-05-01 14:00:00,10002U,Blantyre,-15.7861,35.0058,154.02729410394275,23.245815036390084
2024-05-01 14:00:00,10002U,Brazzaville,-4.2694,15.2714,329.70531389447905,22.885085187260813
2024-05-01 14:00:00,10002U,Lubumbashi,-11.6647,27.4794,157.08426721563944,64.06006422859008
2024-05-01 14:00:00,10002U,Kampala,0.3136,32.5811,233.73426229296646,20.491112474968467
2024-05-01 14:00:00,10002U,Mombasa,-4.05,39.6667,202.0557659567165,13.29380347990118
2024-05-01 14:00:00,10002U,Maputo,-25.9667,32.5833,115.46224394347718,13.482404109796965
2024-05-01 14:00:00,10002U,Kigali,-1.9536,30.0606,237.79965397808127,29.11261281634294
2024-05-01 14:00:00,10002U,Bujumbura,-3.3833,29.3667,236.45701916214253,34.42943013328919
2024-05-01 14:00:00,10002U,Maseru,-29.31,27.48,94.38017558168245,10.973159066685334
2024-05-01 14:00:00,10002U,Windhoek,-22.57,17.0836,53.418453762289666,17.043772640367862
2024-05-01 14:00:00,10002U,Gaborone,-24.6581,25.9122,91.43044780299971,18.87662749851447
2024-05-01 14:00:00,10002U,Mwanza,-2.5167,32.9,223.14865578619208,24.61462312736329
2024-05-01 14:00:00,10002U,Arusha,-3.3667,36.6833,209.37324738274478,18.050126192729756
2024-05-01 14:00:00,10002U,Goma,-1.6794,29.2336,243.182173968876,29.7984784133754
2024-05-01 14:00:00,10002U,Zanzibar,-6.165,39.199,195.56303021668134,15.054000607694869
2024-05-01 16:00:00,10002U,Ouagadougou,12.3686,-1.5275,116.25037027620357,14.91582949430623
2024-05-01 16:00:00,10002U,Bamako,12.6458,-7.9922,91.94982416969346,18.673948804830484
2024-05-01 16:00:00,10002U,Conakry,9.5092,-13.7122,73.32591164665003,11.559001450810252
2024-05-01 16:00:00,10002U,Dakar,14.6928,-17.4467,52.17168909035719,16.473902304043445
2024-05-01 16:00:00,10002U,Serekunda,13.4333,-16.6667,57.58397627551976,15.436401126642178
2024-05-01 05:00:00,10003U,Cairo,30.0444,31.2358,229.71141319317536,13.41571390161168
2024-05-01 05:00:00,10003U,Khartoum,15.5006,32.56,161.68120067063674,18.64074641016818
2024-05-01 10:00:00,10003U,Kinshasa,-4.325,15.3222,1.833536908440419,10.17501742295484
2024-05-01 10:00:00,10003U,Dar es Salaam,-6.8161,39.2803,163.10572051391173,23.71571047128929
2024-05-01 10:00:00,10003U,Nairobi,-1.2864,36.8172,198.97117683660778,33.19505805459404
2024-05-01 10:00:00,10003U,Lusaka,-15.4167,28.2833,74.73853058269219,19.927788633207502
2024-05-01 10:00:00,10003U,Harare,-17.8292,31.0522,88.8329064505946,15.891777636451218
2024-05-01 10:00:00,10003U,Blantyre,-15.7861,35.0058,110.4452130081267,18.284974933627346
2024-05-01 10:00:00,10003U,Brazzaville,-4.2694,15.2714,1.6448174848758441,10.096176643534319
2024-05-01 10:00:00,10003U,Lubumbashi,-11.6647,27.4794,64.37310513839061,29.112846125412137
2024-05-01 10:00:00,10003U,Kampala,0.3136,32.5811,240.69067062890645,48.41326747392768
2024-05-01 10:00:00,10003U,Mombasa,-4.05,39.6667,178.4720588972448,23.59396941506999
2024-05-01 10:00:00,10003U,Kigali,-1.9536,30.0606,287.1010901764733,70.65244006642911
2024-05-01 10:00:00,10003U,Bujumbura,-3.3833,29.3667,344.000141510161,75.51425372324024
2024-05-01 10:00:00,10003U,Mwanza,-2.5167,32.9,204.65137850138163,60.77823755001066
2024-05-01 10:00:00,10003U,Arusha,-3.3667,36.6833,183.2471341835421,35.40948207382716
2024-05-01 10:00:00,10003U,Goma,-1.6794,29.2336,306.00202631627536,64.38206176394426
2024-05-01 10:00:00,10003U,Zanzibar,-6.165,39.199,166.47112148776057,24.38881024378887
2024-05-01 15:00:00,10003U,Johannesburg,-26.2044,28.0456,193.36330224592285,18.324887632768284
2024-05-01 15:00:00,10003U,Maseru,-29.31,27.48,177.4381277340844,20.453277446165078
2024-05-01 15:00:00,10003U,Cape Town,-33.9253,18.4239,101.99278263361717,41.81069812474314
2024-05-01 15:00:00,10003U,Windhoek,-22.57,17.0836,273.1682312761838,35.93922611948163
2024-05-01 15:00:00,10003U,Gaborone,-24.6581,25.9122,205.25524581317327,22.539151437016756
2024-05-01 15:00:00,10003U,Durban,-29.8833,31.05,175.78458385202956,12.520988646752608
2024-05-01 17:00:00,10003U,Dakar,14.6928,-17.4467,132.65358470824282,16.972656741537357
2024-05-01 17:00:00,10003U,Serekunda,13.4333,-16.6667,131.92448322911443,13.970657857945223
